User ID,Product ID,Rating,Time Stamp
A11NLVWA0MTSGH,132793040,5,1365811200
A2CX7LUOHB2NDG,321732944,5,1341100800
A1GI0U4ZRJA8WN,439886341,1,1334707200
A2NWSAGRHCP8N5,439886341,1,1367193600
A2WNBOD3WNDNKT,439886341,3,1374451200
A1QGNMC6O1VW39,511189877,5,1397433600
A2TY0BTJOTENPG,511189877,5,1395878400
A34ATBPOK6HCHY,511189877,5,1395532800
A11NLVWA0MTSGH,511189877,2,1397433600
A89DO69P0XZ27,511189877,5,1395446400
A132P6YSJSI5G2,528881469,2,1298851200
A19TBA1WARJS55,528881469,2,1340496000
A1DA3W4GTFXP6O,528881469,5,1405641600
A1E4WG8HRWWK4R,528881469,5,1390867200
A1H8PY3QHMQQA0,528881469,2,1290556800
A89DO69P0XZ27,528881469,1,1286582400
A24EV6RXELQZ63,528881469,1,1317254400
A24QFSUU00IZ05,528881469,2,1293580800
A265MKAR2WEH3Y,528881469,4,1294790400
A28B1G1MSJ6OO1,528881469,4,1280016000
A29LPQQDG7LD5J,528881469,1,1352073600
A2AEHUKOV014BP,528881469,5,1284249600
A2AOEW5UGXFOOQ,528881469,5,1294790400
A2AW1SSVUIYV9Y,528881469,4,1289001600
A2CPBQ5W4OGBX,528881469,2,1277078400
A89DO69P0XZ27,528881469,4,1278547200
A2XSWV6AQI90BR,528881469,1,1299974400
A37K02NKUIT68K,528881469,5,1293235200
A3C5SMBSKKWNPT,528881469,5,1285113600
A3IQGFB959IR4P,528881469,1,1327363200
A3N7T0DY83Y4IG,528881469,3,1283990400
A3T6ZQONABIJSG,528881469,1,1358035200
A1NQPG5IJ43HJI,558835155,3,1372550400
A1HOSS7PNC1LMU,594012015,1,1374537600
A2EGPA22UHMQXL,594012015,1,1405296000
A2YX0Z6RHA8Y2H,594012015,1,1384300800
A38ETMHM9ATSF0,594012015,1,1374105600
A38T51B7J6QVD9,594012015,1,1377129600
A89DO69P0XZ27,594012015,5,1374278400
A9HI77BE35VYE,594012015,1,1373932800
AC57CU3TF6ZMJ,594012015,5,1404172800
A34O6MND17VDDH,594017343,1,1323216000
A3JSAGWSLY5044,594017580,3,1404432000
A2XTFY0GJDF3R2,594033896,4,1300233600
A3B12X05JZKM94,594033896,5,1405382400
A3ILG56NE5QU37,594033896,5,1399420800
AKZOMZCNU41GZ,594033896,4,1388620800
A1FXYTO11KEJ2P,594033926,4,1398297600
A24RBL3W5W6SAN,594033926,5,1392422400
A253JJFXQNPCOJ,594033926,4,1387584000
A29LNVZLBG0IYN,594033926,5,1402876800
A2CP4GY6XAWIII,594033926,5,1403568000
A2MNKBHPMBB0EA,594033926,5,1390003200
A2PL24SVISXZM9,594033926,5,1392422400
A2RX85Y4S27N2J,594033926,1,1397865600
A2TKKYL3GKFS2M,594033926,5,1388102400
A3F069UFW04K1E,594033926,5,1392249600
A3HGTTFIDLCWDJ,594033926,4,1396483200
A3HQ8RXUMJ2Y58,594033926,5,1400976000
A3I1C8WM8DLSMM,594033926,5,1395964800
A0590501PZ7HOWJKBGQ4,594033926,5,1389225600
A1UMFN4RKU451R,594033934,5,1359244800
A3T3XKC7H5ACI1,594033934,5,1401235200
A1NQNJ3EAZ6CMZ,594202442,4,1360108800
A34TPQUVSQXXPX,594287995,5,1380672000
A1HM74IXWXQ5D8,594296420,5,1392854400
A1RKH6803HVOQL,594296420,5,1365379200
A2B4F6LP0ZLI8E,594296420,3,1398556800
A2DUI0YVE1DZ48,594296420,5,1388016000
A3ZNVCQCG57AY,594296420,5,1359331200
AH3LYMIBZ6DKF,594296420,5,1380672000
A244IAP7UBVHH6,594450209,5,1389139200
A3E7PG9CHDBICA,594450705,5,1403827200
A14KUMEJ094IZ3,594451647,5,1396396800
A00766851QZZUBOVF4JFT,594451647,5,1384646400
A030530627MK66BD8V4LN,594451647,5,1393545600
A1RTWWRHVIVWQW,594451647,5,1404691200
A212UCG62RO8JF,594451647,5,1389657600
A262D8GC5XRU31,594451647,5,1400025600
A2JXAZZI9PHK9Z,594451647,5,1388707200
A2OJRZGW5YVGNS,594451647,5,1384905600
A2P5U7BDKKT7FW,594451647,2,1398556800
A3BY5KCNQZXV5U,594451647,5,1390176000
A3M122DYN9L5N8,594451647,1,1388707200
A3S0RV5ZQ37538,594451647,4,1399075200
AAZ084UMH8VZ2,594451647,5,1399161600
AEZ3CR6BKIROJ,594451647,4,1405036800
A18U7ZDE2VHD01,594477670,5,1361232000
A2IEJQ8754BMSI,594477670,4,1348185600
A39J1PTX1KAL66,594477670,5,1388361600
A1G0KYO61NFVTF,594481813,5,1400803200
A1JB5VD57VRYAX,594481813,5,1389830400
A1RGYV1ASMTMSE,594481813,1,1390003200
A89DO69P0XZ27,594481813,4,1372291200
A1T8TP4OHT5T13,594481813,4,1399420800
A1UMV2TNJ96LMU,594481813,5,1390003200
A22055Y81HHDQ9,594481813,1,1384732800
A2332ANCYJS96P,594481813,5,1398643200
A260COKJRRVS3U,594481813,5,1401840000
A29AHNG4TUERKG,594481813,1,1375401600
A2ATRYXF83T83K,594481813,5,1399766400
A2CVNEE0H2F1YE,594481813,4,1385424000
A2FT4NPBE189NB,594481813,5,1402790400
A2OC1UK7VMBLOT,594481813,4,1398643200
A2QBZA4S1ROX9Q,594481813,3,1369440000
A2SRW2W1GXYKQZ,594481813,5,1403827200
A2TSQNO5HXCYN2,594481813,5,1395273600
A2UVFEZ7UDBRAA,594481813,5,1368576000
A3HGP1YI7G80HA,594481813,5,1390176000
A3HICVLF4PFFMN,594481813,5,1399248000
A3NU787GB0X67S,594481813,5,1404950400
A3S51KDTK4P2JP,594481813,4,1402876800
A5MJPMMDAA1RQ,594481813,5,1395964800
A7S2B0I67WNWB,594481813,4,1397606400
AEFUHKIXACWJW,594481813,5,1383868800
AGAKHE014LQFU,594481813,3,1379462400
A107S4MT25VXQ5,594481902,5,1399507200
A1G5M9B068B6N4,594481902,5,1370649600
A1GI134K2EVPEM,594481902,5,1401235200
A1IIGG5OMZKNYP,594481902,2,1382832000
A2J3WVIQ5LO1O7,594481902,4,1400284800
A2KK9GUTOXMB43,594481902,5,1399075200
A2N3PEHL6QY8U8,594481902,5,1398816000
A37ASPPZ778F9O,594481902,1,1403913600
A399VAWM09IRH9,594481902,5,1403827200
A3RV0ZUIEOM0TX,594481902,5,1384473600
AAWFWZ2K9WTV1,594481902,5,1395619200
A29FNXHYVA2W4G,594511488,5,1398124800
A32JHAQPVSGHUD,594511488,5,1396828800
A2C8SNQ59NMJ1,594514681,5,1389916800
A1APJUGO70YI8,594514789,5,1398988800
A3EI9TX2A4MUSZ,594549507,4,1386720000
A3JQESKSRFB6MV,594549558,5,1388534400
A3AW83CCH2SYAG,743610431,5,1394841600
A3IL8P9RPBUW2X,743610431,3,1374278400
A1C09ZLU9Z56TG,777700018,5,1355011200
A2E14J26DQZOAA,777700018,5,1355529600
A16OJ9FTF432BE,840017677,4,1321315200
A17ZYVAZZZWXU5,879393742,3,1388534400
A1PY7ODDSRIFGV,879393742,4,1368057600
A2WOSVWG4SX1J1,879393742,5,1386892800
A17RBVZX3VTNBW,899336795,1,1111449600
A1KKUYTDUZDZSA,899336795,4,1104192000
A89DO69P0XZ27,899336795,1,1116806400
A28K8QC9C4WPGE,899336795,1,1141084800
A2R4GEWPLORVSO,899336795,2,1103328000
A34527S2PDKKGN,899336795,3,1204848000
A3UKB1QYS8KBW0,899336795,1,1104537600
A5OXSZ6JI3WW0,899336795,1,1308528000
ACVACAN9F8XKR,899336795,1,1180915200
A17HMM1M7T9PJ1,970407998,4,1281744000
A1GWA4DX7T4RWE,970407998,5,1300492800
A233AWZLS4LDYO,970407998,5,1359676800
A32HSNCNPRUMTR,970407998,1,1319673600
A9CRICSLKO7DJ,970407998,1,1330732800
A737SIAIN3WIY,970408005,5,1182816000
A030530627MK66BD8V4LN,972683275,4,1359676800
A1038957GWRBP375RU5T,972683275,5,1353542400
A106YUCY4SVX1D,972683275,5,1310083200
A030530627MK66BD8V4LN,972683275,4,1326067200
A108UXJTIV8XXY,972683275,5,1404864000
A00766851QZZUBOVF4JFT,972683275,5,1360195200
A10MF6OJK61N22,972683275,4,1365552000
A110S8IJ3ZID0D,972683275,5,1388620800
A11BKLWVWL7Q2J,972683275,5,1382486400
A11D842ZBM7QAD,972683275,5,1298678400
A11IFJDOZ0T6Z2,972683275,3,1358640000
A11NLVWA0MTSGH,972683275,5,1284854400
A0590501PZ7HOWJKBGQ4,972683275,4,1311552000
A11SX0QI0EFZY0,972683275,5,1384041600
A11X5KB2AFYGBX,972683275,5,1360627200
A11XEQWME3DHFF,972683275,4,1358899200
A12AU3CNAWYO5D,972683275,5,1356220800
A12CEA80W6MZL3,972683275,5,1374883200
A12PFARGH9ELDI,972683275,5,1377734400
A12XCRHPREC51Y,972683275,4,1371427200
A12ZCHX2T8Z952,972683275,5,1326153600
A00766851QZZUBOVF4JFT,972683275,4,1296950400
A13M65IGNEQXW1,972683275,3,1359158400
A030530627MK66BD8V4LN,972683275,5,1370563200
A13W1XKMRMF43T,972683275,4,1314057600
A142B3JN06ZBOD,972683275,5,1366156800
A143ONYTRZY3SF,972683275,5,1357344000
A030530627MK66BD8V4LN,972683275,5,1386633600
A14ERDBXQVVYI3,972683275,5,1361577600
A14EXDNXP360ZE,972683275,5,1294704000
A14GJVRNRLDG84,972683275,4,1365811200
A14HG36I5AKTVF,972683275,2,1360281600
A14O9P3DV5EHKO,972683275,3,1359331200
A14RTWD2KSOEOD,972683275,5,1366156800
A14V9YT3C4QRPW,972683275,4,1366156800
A14ZMA7222WU6F,972683275,5,1341878400
A153SN02P05UXE,972683275,5,1391731200
A156MPSDULFFO5,972683275,4,1311292800
A15FPN5N8TI3Q8,972683275,3,1361059200
A15K7HV1XD6YWR,972683275,1,1360713600
A167ZKQMOK3QVQ,972683275,5,1360972800
A16Q3CV7TCFO4E,972683275,3,1326153600
A030530627MK66BD8V4LN,972683275,5,1393977600
A16Y72DRF7ITNB,972683275,3,1321056000
A171QI6IDL6T5J,972683275,5,1321833600
A1743UQ12BFP3F,972683275,5,1340409600
A174LMEP27Q3H9,972683275,5,1387670400
A17BX6ISOLKLXM,972683275,4,1294617600
A17D7RRY5F6Q6E,972683275,4,1369267200
A17EAU0WHA1A4N,972683275,5,1374624000
A17PJXD7YBSD8F,972683275,5,1390780800
A17S5ODXALEGVP,972683275,5,1325376000
A17TBWDFNK675R,972683275,5,1325116800
A180BZHVJIRWBZ,972683275,4,1319241600
A030530627MK66BD8V4LN,972683275,5,1332028800
A18SGGRTJKKHR3,972683275,3,1317168000
A18YDKJ6MLVYZL,972683275,4,1287273600
A1980MGZXSGJP,972683275,5,1361059200
A19A4GQJW67VOD,972683275,5,1373155200
A19KHPSLJQ1UKY,972683275,5,1323475200
A19NI7EG704QLJ,972683275,5,1318809600
A19QVO6ZINIZHS,972683275,5,1358035200
A19X9H8DC3U31K,972683275,5,1360972800
A19ZTSSP46BUFE,972683275,5,1289779200
A1AFORE8L2LGGW,972683275,1,1356652800
A1AH0XJN1VCRQZ,972683275,5,1355443200
A1AT5LYGF3T3BJ,972683275,4,1393372800
A1B8LOW1DH3HZY,972683275,3,1366848000
A1BAAIX0K2960C,972683275,5,1377129600
A1BFGWPAR3XE0Y,972683275,5,1391472000
A1BKC6B7YHYTVV,972683275,4,1405382400
A1BMBZNUA3H10M,972683275,4,1366761600
A1BV6SSYN6ITUD,972683275,5,1323388800
A1C1XLRK3R841B,972683275,5,1384819200
A1C4BMQQXOQD80,972683275,4,1366588800
A1C55HT82Y70AE,972683275,4,1398384000
A1C71KC23S7YAZ,972683275,5,1360713600
A1C9DXCM6QF5XQ,972683275,5,1367193600
A1CA40102FA5N0,972683275,5,1395446400
A1CE42YCMQ3FEX,972683275,4,1365724800
A1CWI7TXJW674Q,972683275,5,1367971200
A1DNACCKWV41IY,972683275,5,1325203200
A1E5AP6REAVJ2,972683275,5,1398556800
A1E9C49T7E6GKV,972683275,5,1377475200
A1EAXVLKPVL8W5,972683275,5,1362700800
A1EDI0X3GI1SK7,972683275,5,1323993600
A1EHAX7WGEJFEV,972683275,5,1372636800
A1EJKPTGO474WN,972683275,4,1333584000
A1ELV5JOVFMNOV,972683275,5,1372550400
A1EWPEGJYIX23N,972683275,5,1360281600
A1FAOXB8IJS99K,972683275,5,1326412800
A1FFCR74WU1E6Z,972683275,5,1392422400
A1FQOCN6SNXNG6,972683275,5,1342915200
A1FXZJ8ZMQLYBS,972683275,5,1322524800
A1G1B7UE7D675U,972683275,5,1383955200
A1GEN2ZI0TQW5,972683275,4,1355356800
A1GJHLL1Y090P5,972683275,5,1289692800
A1GLHE8QE65D0W,972683275,1,1340668800
A030530627MK66BD8V4LN,972683275,5,1326326400
A1GOBWZGW5KTYG,972683275,5,1352937600
A1GSL1M8TPUSB2,972683275,5,1340496000
A1H6N17FJZMZ2G,972683275,5,1371081600
A1HAF9KEUQHT5F,972683275,5,1356048000
A1HJMUCKBJ38XL,972683275,5,1314748800
A1HM9UYHIQ3YM2,972683275,5,1401062400
A1HMK1KMWQBDTT,972683275,5,1387929600
A1HMMR78CDCNB,972683275,5,1297555200
A1HRZF7BQSCLUC,972683275,4,1354665600
A1HT4T3HR2W9VG,972683275,5,1396483200
A1HYHOBZPJKY1I,972683275,5,1317254400
A1HZ68B7UMNWVW,972683275,5,1383523200
A1IMCM3OSZFPQK,972683275,5,1361750400
A1IXF1F4DMS1XO,972683275,4,1360972800
A1JI3XL5ME8CWM,972683275,4,1336435200
A1JKBJEKH5GXIT,972683275,5,1327536000
A1JLEDHBYBOLG2,972683275,5,1321488000
A1JOEW6J1H9CXX,972683275,5,1342137600
A1JRWN50MPG8EH,972683275,2,1362960000
A1K8NFAW926KCG,972683275,4,1350259200
A1KECIKIWDB4HH,972683275,4,1282867200
A1KI8R3FT71PPK,972683275,5,1346198400
A1KM3IPZ9H0JKZ,972683275,4,1390867200
A1L5LHGAUIIEOU,972683275,5,1345161600
A1L7JCX9IKGKIQ,972683275,5,1332201600
A1LSU3ES5R6WLN,972683275,5,1380067200
A1M17ZTK354P6Y,972683275,4,1369353600
A1M1P0Y1GIHMK4,972683275,2,1356739200
A1M6DES3E3CLW2,972683275,5,1330732800
A1M7VPG9Q6JEO8,972683275,5,1346457600
A1MDERNKA03DON,972683275,5,1342828800
A1MQPFL5EALKU0,972683275,5,1338422400
A1MSO6LERG39PC,972683275,5,1347494400
A1MYNY918JSFCE,972683275,3,1341619200
A030530627MK66BD8V4LN,972683275,5,1357862400
A1N4DKWTQ9YP1Q,972683275,5,1359763200
A1N7QSP1U513KJ,972683275,5,1361059200
A1N99F2Z4F01RG,972683275,5,1369008000
A1NFUURN2RV9GT,972683275,3,1391990400
A1NOPFD9YTMXHB,972683275,4,1393545600
A1OO47RRQ4I29R,972683275,5,1360540800
A1OO6OKFFDBXNW,972683275,4,1396742400
A1P31CO3L42CH1,972683275,4,1298505600
A1P560UNX4SBE7,972683275,5,1382400000
A1P7CE4XXWG8WJ,972683275,4,1323302400
A1P9S4MYB15O0K,972683275,5,1397347200
A1PU4NJBB1UU33,972683275,4,1317945600
A1PUB1SLAFU555,972683275,5,1373414400
A1PV9NZBPCKSG2,972683275,5,1352419200
A1PZ1UEVHMNS18,972683275,5,1364083200
A1QBVPRRBYL5US,972683275,5,1386201600
A1QKKD813YA5BJ,972683275,5,1360454400
A1QKUDP9EUHJXH,972683275,4,1367193600
A1R2514DVWIIMV,972683275,4,1293408000
A1R4KD3T10FOG0,972683275,5,1392768000
A1RGY08MHYC8AG,972683275,4,1377907200
A1RI8HAZRUWZM6,972683275,5,1384041600
A1RJD803EYM353,972683275,5,1360454400
A1RKIVV5VR3RJ8,972683275,4,1293408000
A1RPEK98P97J7W,972683275,5,1359504000
A1S6MB867Q8B8S,972683275,4,1377907200
A1S8E2JSVXHIPB,972683275,5,1378857600
A1SFB394R1NHNB,972683275,5,1324944000
A1SIV0P0QLCP3X,972683275,5,1394928000
A1SJ4E4I684N6M,972683275,5,1377561600
A1SMK2N4JHOWLT,972683275,4,1340582400
A1SR2IFR1CBPQW,972683275,5,1359417600
A1SS291G5X84WC,972683275,2,1362960000
A1SUS5G1DY6WUM,972683275,5,1305244800
A1TDQTL9185HTU,972683275,5,1404777600
A1TSQF40H4MIWM,972683275,5,1402790400
A1TTW3G7D18GS5,972683275,5,1359244800
A1UAP0NDDZE7RV,972683275,4,1375401600
A1UJX9NC57TW5N,972683275,5,1354579200
A1V4GFB3HKFZ2T,972683275,5,1346716800
A1V8UZ63FQD382,972683275,5,1376870400
A1VA1QF8KZNBLL,972683275,5,1293580800
A1VL1D97E9PJGX,972683275,5,1356566400
A1VM0DU10K0DE6,972683275,5,1379462400
A1VVJLWQ15YTYV,972683275,4,1287014400
A1VYNYUM57GAM0,972683275,5,1384905600
A1WHCQQ1016OC4,972683275,5,1404604800
A1WI6CDE40JSDZ,972683275,5,1356912000
A1WNIOPMTGGTCS,972683275,4,1332374400
A1WSLZ5AVVHLRX,972683275,5,1370476800
A1WT0YXXFDUY46,972683275,5,1393286400
A1WXU0BY2L7ZL9,972683275,5,1286150400
A1X1DS4OWX7WJK,972683275,3,1310688000
A1X7SF8S7VRCVH,972683275,4,1322438400
A1XEYWWDJ09OEA,972683275,4,1297468800
A1XK4O47V918TK,972683275,4,1330992000
A1XQEYP8NDJIGH,972683275,4,1340755200
A1Y7I43UEGKDN7,972683275,4,1320278400
A1YCH6MMPBKC2O,972683275,2,1335916800
A1YFZQQLQ3QZHK,972683275,2,1333843200
A1YQJNKIMRBU1M,972683275,5,1370563200
A1YVXAIV87Z3LM,972683275,5,1403222400
A1Z3FKFCMLSMG3,972683275,4,1323302400
A1Z55ZZHFDF4NL,972683275,5,1326499200
A1ZD73MDX4POAY,972683275,5,1336521600
A1ZPEZMQBCTZQN,972683275,4,1384300800
A204YNL8K5AOU1,972683275,5,1386979200
A2063NNYWR4B7J,972683275,4,1313539200
A2077DSWGE0ELT,972683275,5,1358035200
A20EHH02K9S2UZ,972683275,2,1368144000
A20IOFDX45NZET,972683275,3,1403481600
A20IY0H76J8ICM,972683275,4,1288483200
A20P7YTMB5UGSM,972683275,5,1337040000
A20Q4FIBCAG2ZV,972683275,5,1366848000
A20RYSHYDK9M6,972683275,4,1288656000
A20UDOT1F361T2,972683275,5,1325980800
A20VSTDILG9K7H,972683275,4,1402617600
A20WKO5G1YTC0H,972683275,5,1369785600
A20XXTXWF2TCPY,972683275,5,1405123200
A212REVB5AFP02,972683275,4,1394064000
A21532E0LDLKPD,972683275,4,1287360000
A21DCEYSAP2KM8,972683275,4,1342569600
A21NLR9Z1MC7P8,972683275,5,1352332800
A21VE3LW3ZQ7KZ,972683275,4,1402531200
A222PTRQBKQKX6,972683275,4,1384732800
A226W9HO3YVYUG,972683275,5,1376956800
A22E1RM28FZZP2,972683275,5,1335225600
A22JDDJB1ZLGGZ,972683275,5,1372636800
A235DJF7AEYJFQ,972683275,4,1361491200
A23A7OH3AM0PDA,972683275,4,1296086400
A23AF9X5323ME3,972683275,3,1295222400
A23C1AURSCRZ5O,972683275,5,1286236800
A23LAEGOPQR4BB,972683275,5,1364774400
A23LZZD5UXRHWX,972683275,5,1362787200
A23X08KRDJKF7,972683275,5,1388016000
A2441IHTNYIN5D,972683275,5,1391904000
A2465OVDXMXNGZ,972683275,4,1400025600
A24NAL80DJU0B8,972683275,5,1349740800
A24OHQK700QEIW,972683275,5,1335916800
A25DO9Q43GE6WK,972683275,5,1319155200
A25EIC1CXMA1DO,972683275,5,1362182400
A25I5Q55UL8MT3,972683275,5,1351382400
A25RWGRTI45P88,972683275,3,1344729600
A263GC6WFHUY4Z,972683275,5,1293753600
A2683OJ85CLWFA,972683275,5,1360454400
A26ADM56C8D660,972683275,5,1357084800
A26FS7F997E7SI,972683275,4,1359936000
A26QCCO0101CO1,972683275,5,1361404800
A26UWC5UI7XLY2,972683275,5,1320537600
A26VDAZZG2BO27,972683275,5,1379808000
A27B2NA4IKY3P8,972683275,4,1381622400
A27OMVFGJXH1VB,972683275,5,1360886400
A27W2XD4XB3GIR,972683275,5,1358294400
A27WRC8KIFFTWS,972683275,5,1362700800
A27X48PMUGK6U4,972683275,5,1290211200
A27XULAA9X5ZGQ,972683275,5,1329436800
A284PZTO3H9FEN,972683275,5,1371686400
A28DLVVZMHTAPN,972683275,5,1388275200
A28INZ2FGLBOZO,972683275,4,1362614400
A28RVT20CEXA8B,972683275,4,1295654400
A28YQET4K11XVA,972683275,4,1312934400
A29GANDIIX0H4Y,972683275,1,1322611200
A29N5GAYTJUFQM,972683275,5,1382054400
A29OJBE89XRIW6,972683275,5,1381449600
A29Y8MLKEZILVU,972683275,5,1380672000
A2A3B0JX2JRS6S,972683275,5,1379462400
A2ACJSHEC2RZVZ,972683275,4,1360281600
A2AJB67RIHEXIM,972683275,5,1373155200
A2ANB0YF7J5VBB,972683275,5,1396396800
A2AQ5NSE7ALLOF,972683275,5,1365120000
A2ASX8RGDVFNOG,972683275,4,1376611200
A2AU7WTTTWU4H0,972683275,5,1392768000
A2BG2OS6UJK297,972683275,4,1335312000
A2BLRT79WUTLXW,972683275,3,1393372800
A2BNYSMW3UFKS8,972683275,5,1389052800
A2BQ69HXT2EZ5E,972683275,4,1333411200
A2BWX768VJ5QFS,972683275,5,1298678400
A2C0L77SWTXMOV,972683275,5,1364083200
A2C4WL8NYM7Q0I,972683275,4,1336521600
A2C4YXP64SJSDR,972683275,5,1321056000
A2CDG7JEL4W6IC,972683275,5,1396828800
A2D6D5MUX0SP2H,972683275,5,1393718400
A2DDPTOS7XXBUY,972683275,5,1390176000
A2DEU0B3AUINV9,972683275,5,1263168000
A2DNXSCB3JXGY2,972683275,5,1395100800
A2DO34E3J21CRT,972683275,5,1311724800
A2DZQFJ8A43OB3,972683275,5,1393027200
A2E5IK9TUH8UPD,972683275,4,1331078400
A2E62IBKN9OV3S,972683275,5,1377561600
A2EJJTOWAEL7SJ,972683275,5,1357689600
A2EJTJJ6WCE8TC,972683275,5,1347062400
A2EPTJFNJSHUCU,972683275,5,1387670400
A2EZPD81ACVMOO,972683275,5,1361232000
A2F1XPTGEADV8R,972683275,4,1366588800
A2FF6SG2Z15WY8,972683275,4,1395705600
A2FXM6UKGH1WFE,972683275,5,1328140800
A2G2K3OC74CPFZ,972683275,5,1311465600
A2GDPXNXVK43KU,972683275,5,1365292800
A2GGS3I5BY7R1A,972683275,5,1378598400
A2GPNXFUUV51ZZ,972683275,5,1395878400
A2HG19HOW4IZ7L,972683275,5,1320969600
A2HI35H2BOCV9R,972683275,3,1301356800
A2HLEMX0FEQ1YR,972683275,5,1318550400
A2HLNXOYLMERTC,972683275,5,1397606400
A2HWFK6TC9SGV,972683275,5,1359331200
A2I8I2LLVE9U6G,972683275,5,1388102400
A2I8J6GW1H6LWU,972683275,5,1285459200
A2I8T047ZTHHRZ,972683275,5,1394064000
A2IDCSC6NVONIZ,972683275,5,1367280000
A2IKPO861L8O90,972683275,5,1392076800
A2INJ5ZNSHUE9R,972683275,4,1295654400
A2IRDF393ZKDN8,972683275,5,1297382400
A2IXNEHMM685C9,972683275,3,1380844800
A2IYE9D2TEIDYV,972683275,5,1371600000
A2J13NR5GB8GYO,972683275,5,1353801600
A2JMN2JA9LSHVL,972683275,1,1354320000
A2JQZJVI9DS6R6,972683275,5,1317686400
A2JZGIDQ8RD9O7,972683275,4,1356739200
A2K4HQA1K0CVGP,972683275,4,1323043200
A2KQDWZZUBBNOJ,972683275,4,1306800000
A2KR372GZW00MJ,972683275,4,1386547200
A2KUEGMSLHUNNP,972683275,5,1353974400
A2LDAK4G15UOQ6,972683275,4,1354147200
A2LKVJ3HM9FKUE,972683275,5,1404604800
A2LR9WP2JGDT8E,972683275,2,1355702400
A2LSIS2A2CNLVL,972683275,4,1369872000
A2LVJDTDXIIY84,972683275,2,1291507200
A2M3CN7OC6ADPG,972683275,5,1360108800
A2MBXZ1XGBUFA,972683275,5,1395014400
A2MJNFUQS2FG92,972683275,5,1355616000
A2ML1ZBZ75I058,972683275,5,1359590400
A2MLE5H35UXP2Q,972683275,4,1359676800
A2MQ47BBL7F6B6,972683275,5,1267747200
A2MZYIGRUMSJKH,972683275,4,1365379200
A2N7FW352FF8AQ,972683275,5,1301875200
A2NBPI1022XD6X,972683275,5,1355788800
A2NJJGX3EMM4KB,972683275,5,1373068800
A2NOHYNZCZ2NW4,972683275,5,1392076800
A2NOXTG05AHVB3,972683275,5,1372377600
A2OGXHE7PVLTOE,972683275,4,1324080000
A2PARH1DUDLWHT,972683275,5,1351987200
A2PCG95PZLF92Q,972683275,5,1356566400
A2Q2FQ4X99I9HN,972683275,4,1295395200
A2Q6I168BPOUSM,972683275,5,1395705600
A2Q9HI52XRHPYB,972683275,5,1364083200
A2QB7E7X3RURZ2,972683275,3,1348185600
A2QBJEHKTD7R6O,972683275,3,1377734400
A2QDYDMCPU68U5,972683275,5,1385078400
A2QG84ZEFKUISL,972683275,5,1382054400
A2R8ZQ9VJUBTQR,972683275,5,1336694400
A2RE73VUCARNE0,972683275,5,1361750400
A2RELVDY2PSZHD,972683275,5,1350086400
A2RHDVCXQVFFXM,972683275,5,1375660800
A2RNG3LFW5CFKX,972683275,5,1361750400
A2RU0H9MD4IH5M,972683275,5,1367107200
A2RUN82QPU60PN,972683275,3,1362700800
A2RX1JTBIIB4T7,972683275,5,1390262400
A2S089YNV6Y2D1,972683275,4,1384214400
A2S2IJJLGCXTAD,972683275,5,1324166400
A2SKYCFKIOGG19,972683275,5,1388707200
A2SUMK3BDIUG4Z,972683275,5,1393286400
A2T4OX8NH9LIIC,972683275,5,1358553600
A2TOUTL6Z74SMQ,972683275,5,1305590400
A2TYW6QLYACPVL,972683275,5,1377388800
A2U9XX4Q5NQBG6,972683275,5,1393459200
A2UIFGA3R5IO2V,972683275,4,1358035200
A2UKT5SQR9EI7U,972683275,5,1404345600
A2ULCET06LOPBB,972683275,5,1369785600
A2UMQGIOIQ2ZJ9,972683275,5,1350345600
A2UUNC4CW16062,972683275,3,1361232000
A2UWRQFJ9OIM9L,972683275,5,1352851200
A2UZQ5I2XLQYXD,972683275,5,1361750400
A2VEU4GLPJUFNP,972683275,3,1385856000
A2VN9A89NJ9TPZ,972683275,5,1388707200
A2WAXINV2ODKUQ,972683275,5,1373846400
A2WXQ8Y5SHCWCY,972683275,5,1357516800
A2WZ2FO4LNOBLD,972683275,1,1344124800
A2WZWY5MQTXO0R,972683275,5,1332028800
A2X1JGIN31F8WP,972683275,5,1287792000
A2X2ZMSYYCL1A1,972683275,4,1378080000
A2XKV52LF7ERZL,972683275,5,1312761600
A2XPU8EMY19NBQ,972683275,3,1315008000
A2YF3QW52PBL3C,972683275,5,1357776000
A2YIXN1SNPWV0A,972683275,4,1341360000
A2YJHOCQJJCD6L,972683275,3,1361750400
A2YO6DRFFWB5D2,972683275,5,1374192000
A2YW1PZEMN81Q9,972683275,5,1378339200
A2YYH2I9S9TUCM,972683275,5,1379203200
A2ZBW1GVAXYGNI,972683275,1,1359504000
A2ZSAJ28QS6Z68,972683275,5,1357257600
A2ZSX2UA4ATWEM,972683275,5,1390003200
A30F26L0LWNE9I,972683275,5,1336089600
A30IEZ3Y1GC6D7,972683275,4,1377388800
A3130BH1Z7OPD2,972683275,3,1354147200
A31FNBHNC19QX6,972683275,5,1388620800
A31KBWBVXWUCSR,972683275,5,1288310400
A31QWH1JR60A5F,972683275,5,1371427200
A320EVMBXQI9B8,972683275,2,1367193600
A326UIIB1O2UUR,972683275,5,1394496000
A32QNGGSX3YTAH,972683275,5,1289952000
A32QNTFPVVY3P4,972683275,4,1306281600
A32XX53PIYV78T,972683275,4,1304812800
A32YYOS0T4NVG1,972683275,5,1385337600
A33DH1NN4OOKX3,972683275,2,1323907200
A33HBPL7Q6SZMG,972683275,5,1385337600
A33MVR4OT3321,972683275,5,1357603200
A33RU0BLKE4YWA,972683275,5,1367366400
A33TFX6J52RLYP,972683275,4,1335916800
A34895BBYDUOG7,972683275,5,1325548800
A34DGHJJFSSN8X,972683275,5,1359244800
A34XHTETLN5WHD,972683275,4,1360108800
A3526XYYY8DE8J,972683275,5,1302825600
A3586I23X68J59,972683275,5,1284508800
A35AY98EAZ8OB,972683275,5,1353628800
A35DGOWXUZYTWS,972683275,5,1306800000
A35QI2GKW8K230,972683275,1,1284595200
A35TCV053U9AHN,972683275,4,1399161600
A361FG8C13FB99,972683275,5,1389052800
A36B6D7RXI94JR,972683275,5,1364774400
A36JCYNJG4Q2W6,972683275,5,1293580800
A36MQBNADRH8YY,972683275,5,1405641600
A36VF2I8ILFJH1,972683275,5,1358985600
A36VRTU7YUGH39,972683275,5,1360454400
A36ZD92R4M2NZ9,972683275,1,1374192000
A371ZZ95ZQEIZV,972683275,4,1389052800
A37Z3QW5ZDJLSZ,972683275,5,1389571200
A38DTJURWNUQTZ,972683275,5,1296432000
A38FGQVJM18OWV,972683275,1,1291161600
A38IZ9GUFJ28AP,972683275,5,1333497600
A38KYGIUKF2MFU,972683275,5,1290384000
A38LYJ7NQ65G5L,972683275,5,1391040000
A39IMVHNMDZU0I,972683275,5,1323561600
A39K0PHF85UU2O,972683275,4,1364947200
A39LNFWIZZT0VW,972683275,5,1383696000
A39PZJCRS98E6P,972683275,5,1316908800
A39Z4OU2C7ENWH,972683275,3,1328572800
A3A5LQ5T7M7I8V,972683275,5,1346716800
A3A7ZJ4QS65X15,972683275,3,1360281600
A3AKVALGT4Y02G,972683275,4,1203379200
A3ATF868IEP191,972683275,4,1360540800
A3AYPQY4EHVW39,972683275,4,1286236800
A3BLAOR6MEE9YO,972683275,3,1343088000
A3BLYMV1UIDWU9,972683275,5,1356566400
A3BM1LI2E1F8P2,972683275,5,1339027200
A3BMUBUC1N77U8,972683275,4,1385164800
A3BPE4JK9G2SIE,972683275,5,1351296000
A3C51ESBUD8QAJ,972683275,4,1324598400
A3CCITVF0WL6KE,972683275,5,1357689600
A3CK3T0E4C99CJ,972683275,5,1341014400
A3CLWR1UUZT6TG,972683275,5,1373587200
A3CWU14LXQQTL,972683275,4,1360108800
A3D1X3ZYUWR0Z9,972683275,5,1346198400
A3D37SX2JYWQAD,972683275,4,1375833600
A3D8NXND1ALT91,972683275,4,1366416000
A3D9JOLPWI3SSL,972683275,5,1338768000
A3DBA3N3MTQDB2,972683275,4,1404691200
A3DBMXKKJMO910,972683275,5,1324684800
A3DIXHIECTEKV2,972683275,2,1342051200
A3DKC72AYVYT6T,972683275,5,1296432000
A3E4YU6APQLRKE,972683275,5,1384646400
A3EEOAR6K3UG6E,972683275,5,1326067200
A3EIH3FETBO3Z3,972683275,4,1360281600
A3EP4YIS9W1LR1,972683275,5,1358121600
A3F0Y83DVO5TIY,972683275,5,1379289600
A3F6E9FYLZ7MXZ,972683275,5,1387497600
A3F9NDKO3GFOCH,972683275,5,1319328000
A3FZ6D8NP9775P,972683275,5,1358035200
A3GCTN5ZPQT657,972683275,5,1382227200
A3GG0HR8199P8Z,972683275,1,1336348800
A3GJT8MVRII6PJ,972683275,5,1386374400
A3GL86VTKP3OL6,972683275,5,1367971200
A3GRZJH6281WN6,972683275,5,1361491200
A3GYJW3I6Q5AXG,972683275,5,1358553600
A3H4C425X1H2H9,972683275,5,1402358400
A3HF257LGTGOTS,972683275,5,1386288000
A3HJ888Q5EOO66,972683275,4,1309564800
A3HVBGFQGVKEN6,972683275,5,1389312000
A3I63PQL34GPRJ,972683275,5,1359072000
A3IC6OB22INS9,972683275,4,1369353600
A3IIGCFLKVFW8M,972683275,5,1393459200
A3ISZ8KLXYYI7P,972683275,5,1390348800
A3IZFW84VV75XS,972683275,5,1365465600
A3JBRHRYUITFDN,972683275,5,1360022400
A3JJT95MDDK49T,972683275,1,1323475200
A3KHBD3YRNY5WO,972683275,5,1362700800
A3KR19BIVGUK9P,972683275,5,1401580800
A3KSID0WUMUHZG,972683275,5,1306800000
A3KWKARBHBSQZF,972683275,5,1324598400
A3LSDUV9HSY66,972683275,5,1363737600
A3LSVS4YA2CEAX,972683275,3,1382313600
A3LUBQ6HTHQC9C,972683275,4,1352332800
A3M6S7Y1FNPOLD,972683275,3,1355097600
A3MAKX14WHMXXK,972683275,4,1325116800
A3MIAO5MG9ESMO,972683275,5,1360022400
A3MNCZ1RE5TIRI,972683275,5,1362355200
A3MTB981M61PNW,972683275,5,1314230400
A3NFODKXP6LXLV,972683275,5,1400457600
A3NFXPE2SP2NDC,972683275,5,1372118400
A3NMAV0XRHOS1U,972683275,5,1357171200
A3NNSGACHBM7MK,972683275,4,1330128000
A3NTL6NCDLA064,972683275,5,1394668800
A3OA1X9RC25X4B,972683275,5,1391990400
A3OA5H4NRLI7MU,972683275,5,1375142400
A3OB8MSEUT2B0F,972683275,5,1327795200
A3ON9HIKV7GO6K,972683275,5,1286582400
A3OTY3KB4OG9FO,972683275,1,1397088000
A3OYE7X2O08LNT,972683275,4,1360195200
A3P1AEV6KGPSYM,972683275,4,1383436800
A3P24ZSF9IQRJJ,972683275,5,1402617600
A3P2ZN0QGUALHG,972683275,5,1310515200
A3P5CV06QLXGRF,972683275,1,1324857600
A3PPDNV08DDMUY,972683275,1,1347321600
A3PR648T8RDRS,972683275,4,1344988800
A3PRSCGIX3NY0X,972683275,5,1388448000
A3PY6TQYAZG7MB,972683275,5,1306886400
A3Q7DHKIU7TMBI,972683275,4,1357171200
A3Q95HLHAUC34M,972683275,5,1395619200
A3QFR6XRJ89EGZ,972683275,5,1363910400
A3QH8VQDE7HZCR,972683275,5,1286236800
A3QPJS71FU70MX,972683275,4,1380240000
A3QRE0I5HSC332,972683275,4,1367798400
A3QRS9HM9LD3A,972683275,3,1365724800
A3QTXADA24F55O,972683275,5,1360627200
A3QWCGS4OS44UP,972683275,4,1390435200
A3R0H2RJY9DM99,972683275,5,1325116800
A3RCX7Z7I9G2MF,972683275,5,1388966400
A3RD1GFFLG12YC,972683275,5,1388966400
A3S1BO0SLFC5H,972683275,5,1377043200
A3S5643F4JNLQQ,972683275,5,1373587200
A3SK1V2XAMFU4J,972683275,5,1356307200
A3SRXMPLAEZ6DP,972683275,4,1405987200
A3SWF9UXQAEK9Q,972683275,5,1372291200
A3SXYB8JPQ44LN,972683275,4,1342483200
A3T1DE9OZLLLWG,972683275,1,1360454400
A3T3M5EYGCWSUA,972683275,5,1309564800
A3TAS1AG6FMBQW,972683275,5,1353456000
A3TAT80JCWYGB4,972683275,5,1389052800
A3TBIJHR03ELEQ,972683275,4,1388707200
A3TCV19D652GPU,972683275,4,1366848000
A3TF6PPEYAQ1KX,972683275,4,1361404800
A3TH91PK3IABQU,972683275,1,1312588800
A3TTQNM920Q30O,972683275,5,1362614400
A3TY97QXQ6ZFSQ,972683275,4,1291766400
A3U6HVI3EWAZWU,972683275,4,1382486400
A3UA6U3K0R6PDY,972683275,5,1322524800
A3UBDM2OA2Y3I9,972683275,5,1360540800
A3UBY3ND3TTNL3,972683275,1,1323907200
A3UNB8ASV0YNCN,972683275,4,1332374400
A3UOSOCRKS3WIH,972683275,5,1368316800
A3UTDVL4CPYCTW,972683275,5,1372204800
A3V0W3FHKL6468,972683275,5,1375660800
A3V2D9KAJK16X,972683275,4,1363910400
A3VKO21KYDJQ2W,972683275,3,1310428800
A3VMCFOCPL3R7Q,972683275,5,1359763200
A3VSGMP5KCQ4Q2,972683275,5,1366243200
A3VWY3CDC423UM,972683275,5,1359763200
A3VZ53R6F842QZ,972683275,5,1319587200
A3W2CPHVD6E5QR,972683275,5,1384732800
A4CUFSZBWO8HR,972683275,2,1394582400
A4PRLL18Q4TE1,972683275,5,1399248000
A4VTUX8VGLMAW,972683275,5,1332201600
A5ABV0IOAM9YO,972683275,5,1386720000
A5CFCTKIURGA4,972683275,5,1360713600
A5DT620AT9LAT,972683275,5,1345593600
A5O0P0JV6PLU3,972683275,5,1353801600
A6D7R8LLIC3FO,972683275,5,1394841600
A6DI4IE8MKFYR,972683275,5,1363219200
A6GYEDCEU2LKG,972683275,5,1304553600
A6IZS2U4RFJSY,972683275,4,1342483200
A6J8D9V5S9MBE,972683275,5,1306886400
A6MHD7SKZ1OJO,972683275,3,1347667200
A6R43EXZGQ1I0,972683275,5,1292371200
A6TWN9W9WSAV0,972683275,4,1356912000
A6UFYXM3VDZ,972683275,5,1315958400
A6ZGUVQLM93MC,972683275,5,1340323200
A7060R14RJF3I,972683275,4,1368835200
A70MDVX1NI1MM,972683275,5,1324684800
A778X9CUE16YO,972683275,4,1393977600
A7EVWY97FPSIA,972683275,5,1355097600
A7G5TA2C9IGSE,972683275,5,1287100800
A7R4R9THNELTP,972683275,5,1285804800
A7SPHMIUOO3H1,972683275,4,1399075200
A7V9WIUIB02OI,972683275,4,1380844800
A81NVWL4MMVT8,972683275,4,1380326400
A8TH161HDA2FL,972683275,5,1363478400
A8THC8D64F5E3,972683275,4,1364428800
A8XWBF2NFDRC3,972683275,2,1365465600
A95VB9FYXW5XJ,972683275,5,1391990400
A9MZROA9WNRJT,972683275,4,1366761600
AAJ0NJL17KRNX,972683275,4,1337040000
AANEB3ICACKM0,972683275,5,1395792000
ABBPDSBNGEYRU,972683275,5,1345420800
ABM9CL72EGWKN,972683275,4,1383782400
AC4HGDV9303YH,972683275,5,1393027200
AC641L63OT64F,972683275,5,1329350400
ACS5A8NRVRQ8M,972683275,5,1392768000
AD0VA39FRVNKN,972683275,5,1360627200
ADJVSS1OZ4RM2,972683275,5,1372723200
ADM5RFAZ3LWDF,972683275,5,1358380800
AE1L7FJUVT661,972683275,5,1354924800
AE3BZ7JJ7W00V,972683275,5,1287360000
AE8R1JSMJYIU,972683275,4,1228694400
AEBGTLDMLWZO4,972683275,5,1404604800
AELFAZJYOP332,972683275,4,1360108800
AEQR0VUFBZXUY,972683275,5,1363737600
AEVGI82M8PECC,972683275,4,1323216000
AF6352V65ZNG1,972683275,4,1386201600
AFS5ZGZ2M3ZGV,972683275,5,1379721600
AGG3RTQFN3OJ4,972683275,5,1311465600
AGWAOGY3WTN4X,972683275,5,1364428800
AGZ1HS2KBSFRG,972683275,4,1392076800
AH5FPXRBVFP0B,972683275,5,1364083200
AH7DLKHSGZKCR,972683275,5,1363996800
A0590501PZ7HOWJKBGQ4,972683275,4,1292371200
AHJJYGJXJ346V,972683275,5,1340236800
AHKKH5P9OXXMG,972683275,5,1332115200
AHPRCZ59P9RU0,972683275,5,1294704000
AIGTSPP6PLJJW,972683275,4,1350172800
AIHN98QLUVU7E,972683275,5,1325116800
AIIZ3D0BQS7CR,972683275,5,1358812800
AIJWAL4ZGCK2F,972683275,5,1317513600
AIRPOKZ4206EG,972683275,5,1369008000
AJ97HDK7RH9VW,972683275,1,1327190400
AJIA55AVU0CUS,972683275,4,1364947200
AKBZI91RTIXM6,972683275,4,1380931200
AKOB0AC7H4RHN,972683275,1,1325635200
AKUNHU70LFK6E,972683275,5,1375660800
AKY4Q90DE9AO9,972683275,4,1372809600
AL29YSP075B3G,972683275,5,1377820800
AL4WX7LL4ISYK,972683275,4,1395187200
A10ZD3YPQ38JQC,1400599997,2,1365724800
A1263RB8HKHD76,1400599997,5,1284768000
A12BXBRPAODSDN,1400599997,5,1273363200
A13HUHXEQPX3YI,1400599997,5,1272585600
A13SZHBTLJU0KI,1400599997,1,1396828800
A19N3S7CBSU6O7,1400599997,5,1262044800
A1A35W25SQWXES,1400599997,1,1277251200
A1AZJETY2LMY7R,1400599997,1,1305763200
A0590501PZ7HOWJKBGQ4,1400599997,5,1295136000
A1BAG6XHEUL2CL,1400599997,5,1281916800
A1GE61NUYB184S,1400599997,1,1276128000
A1H2GVAU3DNGB1,1400599997,5,1279065600
A1IW0W5HA5T36P,1400599997,3,1266364800
A1JS0136L2PLWA,1400599997,5,1285372800
A1KR3NI3GHHTI5,1400599997,1,1306886400
A1KVBDXAIHPBZW,1400599997,5,1277683200
A1KWJPABE3F6FH,1400599997,5,1293148800
A1M5GZO9QHE7Y2,1400599997,4,1263340800
A1MP3XMNWQQW8X,1400599997,5,1294185600
A1MR9QQ00PNJLF,1400599997,5,1350345600
A1N7Q1NR7ELYCY,1400599997,1,1331337600
A1N8P79DYRJWL8,1400599997,5,1365120000
A1QXUOIF8TORKC,1400599997,1,1263600000
A1RNIAD5OPGLG,1400599997,4,1389916800
A1RW9FHHAVBTJL,1400599997,5,1272326400
A1SNAWQ3DYNK5I,1400599997,1,1296432000
A1TV28U1449830,1400599997,1,1266192000
A1VXFCKOT183U4,1400599997,2,1269216000
A1YLXO0VWSYTKJ,1400599997,2,1311379200
A1YX6AIQHCUBDQ,1400599997,4,1281657600
A1ZOPI8OMSUX0,1400599997,2,1341532800
A21S9RXO6YVQJM,1400599997,5,1311897600
A24UK0IK5R3QB9,1400599997,5,1269302400
A25DIGLWBZTBCT,1400599997,1,1351123200
A275V2MNJM1EC7,1400599997,3,1359331200
A298ER4LZRN4KM,1400599997,1,1357084800
A2A26J80ADVMJY,1400599997,3,1309564800
A2EJAQH1LUHAZH,1400599997,5,1263427200
A2EJPGQV89WOTD,1400599997,1,1281744000
A2F7ZQSBTA5WGO,1400599997,5,1300233600
A2FK5TBDTX1WZL,1400599997,5,1301097600
A2IPSWMCHH3U7B,1400599997,5,1293494400
A2J39N8HOPD194,1400599997,1,1298332800
A2JXS1JII6SAUD,1400599997,5,1278547200
A2KV9CT1CGLC1E,1400599997,4,1305158400
A2NY5HZ6H0NSTE,1400599997,5,1288396800
A2OMRTSJ6YD1QL,1400599997,5,1281139200
A2RFEVAOOH05JN,1400599997,4,1290902400
A2SD5BP5KR7WIW,1400599997,5,1404172800
A2TDEHV2JAV4VS,1400599997,4,1304121600
A2U4Z76U7DF68,1400599997,3,1299801600
A2U60CKGI5I1XN,1400599997,1,1310688000
A2VYQFMARER8EA,1400599997,4,1276646400
A2WPS8N578WLC9,1400599997,5,1263859200
A2WT72RFNNH2ZU,1400599997,1,1278892800
A2YCEKVUN1W5F1,1400599997,4,1285459200
A31ESNP77ILEL1,1400599997,1,1321833600
A333Z1G7NY5NKR,1400599997,5,1288051200
A33BT5EP6NODVQ,1400599997,5,1365638400
A343QC2O211PHA,1400599997,1,1298246400
A11NLVWA0MTSGH,1400599997,3,1295395200
A3CHS8XWR0V9VQ,1400599997,4,1311811200
A3DVUK9M696MG1,1400599997,5,1264809600
A3G7BEJJCPD6DS,1400599997,4,1288569600
A3I3NVURILSQDS,1400599997,5,1323129600
A3IRASTCORS6X4,1400599997,4,1312070400
A3LSI1EPZ9AZC0,1400599997,4,1266624000
A3OQUNO5ZVJUOG,1400599997,1,1262563200
A3POBPFC3WMUDT,1400599997,5,1360454400
A3R965PSO3ETV,1400599997,5,1391731200
A3UORM4VFA8P1I,1400599997,5,1293408000
A3US1QSEMTLW18,1400599997,5,1281744000
A3VPZ1E4Z6GNWN,1400599997,5,1264032000
A3VWERLK6ZOWP,1400599997,4,1306627200
A824J113ZO679,1400599997,5,1299110400
A86KU1TYSPZ7F,1400599997,4,1278720000
A8JV3BAGBDHMF,1400599997,1,1356912000
ABIN1JYQ9F3J,1400599997,3,1372291200
ACF85NI696WW6,1400599997,5,1278288000
AE91TC27SLAI8,1400599997,5,1274832000
AF5QW34KDMFCG,1400599997,2,1279065600
AGDJFPY7X0AAA,1400599997,5,1289952000
AGMFNT1N7YIAL,1400599997,5,1364774400
AJ1BWOZWHMOE9,1400599997,2,1362355200
AL811AWZN3ZES,1400599997,1,1286409600
A13BRW95C60HUJ,1400666937,5,1371081600
A2QARZA980DE7S,1400666937,4,1389744000
A0590501PZ7HOWJKBGQ4,1400698987,5,1394755200
A10CVZORIHLPC0,1400698987,5,1389657600
A0590501PZ7HOWJKBGQ4,1400698987,1,1391990400
A13X3KB8XPS0ZX,1400698987,1,1393372800
A14ZQ6SY0IX99F,1400698987,3,1396396800
A166KYZFT9M2UZ,1400698987,4,1386460800
A18G22TSZ58V1I,1400698987,5,1384819200
A1A92O8IVVHW3Q,1400698987,5,1385424000
A1AQEIM35KC7X,1400698987,1,1375574400
A1AWXFMOX56DWM,1400698987,5,1387756800
A1BTULXPTQBGQ0,1400698987,5,1390435200
A1BZ18U2EF4FAI,1400698987,5,1371427200
A1D52ND8HHNTDG,1400698987,4,1404691200
A1DYJMKWDD1ASW,1400698987,5,1394150400
A1EFAADE1EJRW,1400698987,5,1392422400
A1EV3IB0ISBCFO,1400698987,5,1388448000
A1GHPYA758SQ3G,1400698987,5,1385683200
A1HH9AB1ZHMTZZ,1400698987,5,1387238400
A1IEUQCCXOBMG1,1400698987,5,1388793600
A1K3TK0ZPH8726,1400698987,4,1384732800
A1LMUHXVNBLTGZ,1400698987,5,1371340800
A1LT2ILVBRDMN2,1400698987,5,1397433600
A1LVMN5KGE2PCX,1400698987,5,1396137600
A1M8QFBIN85XW4,1400698987,1,1394236800
A1RP1OM661EO6S,1400698987,5,1388620800
A1RTAG101IYPX6,1400698987,3,1386288000
A1S00D6L97V4JL,1400698987,4,1376870400
A1S8FVNG0D97AM,1400698987,1,1380067200
A1T8A6OCVV0UYU,1400698987,5,1400716800
A1U8BMNVUVNXW7,1400698987,5,1393372800
A1UW6UB820RU7A,1400698987,4,1395705600
A1V23NTV7R48CD,1400698987,1,1403654400
A1WGEDFKCOTC75,1400698987,5,1387929600
A1WGMIN2659UUT,1400698987,3,1356480000
A1XF25FHH2NQD6,1400698987,5,1377129600
A1XTQULERNAFQ,1400698987,5,1368576000
A1ZPN3O9O4KZCF,1400698987,5,1392076800
A1ZZRHIVXDT2R5,1400698987,4,1387324800
A2009MTFH7DOZW,1400698987,5,1392681600
A23KMF1RYOZ75T,1400698987,4,1372291200
A24UDQPNTOZDZV,1400698987,1,1394755200
A27TQOIC5Y7F6O,1400698987,1,1388966400
A2DM1QP04HYXNE,1400698987,5,1392076800
A2DWNXS5RU1VM4,1400698987,5,1390348800
A2ETK0ZM9WOL20,1400698987,5,1395878400
A2HZ9PWYH5IBX2,1400698987,5,1396051200
A2J068CA5AJXV8,1400698987,5,1396396800
A2JOPUWVV0XQJ3,1400698987,5,1387411200
A2KJ43Z9LSL6S7,1400698987,5,1391126400
A2LGTML989JKHU,1400698987,4,1395014400
A2MQ1NGA4OQIOY,1400698987,5,1389312000
A2OR79ZBG3JQVP,1400698987,1,1387497600
A2Q26MQC1SBRYK,1400698987,2,1388966400
A2QQ2GS40R57BU,1400698987,5,1389052800
A2SUM4E8HCM93Q,1400698987,5,1358640000
A2T4OJQFB1KT4C,1400698987,3,1391558400
A2U9RZNVN4IDOB,1400698987,5,1390435200
A2VH1NQ9XWAA78,1400698987,5,1387152000
A2X6JEAEIUWHY9,1400698987,5,1388188800
A2XW9EYLRI4FBB,1400698987,3,1384819200
A2YFETILXM3VPH,1400698987,5,1376524800
A2YFRNL3UPSEPK,1400698987,5,1379635200
A2YYETB6L8FQDN,1400698987,1,1390262400
A2Z5IEQX78O15W,1400698987,5,1394755200
A2Z8V9U418E7NR,1400698987,5,1388361600
A2ZZAM4LFM4IE1,1400698987,4,1386028800
A339X7YGDO8VZ0,1400698987,5,1382054400
A34TSHMQXI0IRE,1400698987,4,1390608000
A34ZFS8Z5ISLQR,1400698987,2,1404259200
A35P0PHQOEQF7M,1400698987,5,1395100800
A35SB5XA89HR41,1400698987,5,1379203200
A389RHK4LOGTD3,1400698987,5,1389052800
A389SXHFZ82MZG,1400698987,4,1389484800
A38N05C5Y2QU8X,1400698987,5,1373760000
A3A1ENOW12T0QY,1400698987,5,1391040000
A3BDHHIUI08PXH,1400698987,1,1397260800
A3D9NMOVL677NX,1400698987,4,1393977600
A3F4V6YRX2PTDI,1400698987,5,1393459200
A3GADYS3CGOV43,1400698987,5,1396483200
A3I4MTIXADZFYS,1400698987,5,1371945600
A3IGSIGEWBW4YX,1400698987,4,1388707200
A3IYSOTP3HA77N,1400698987,5,1379462400
A3J054HK8N6KCU,1400698987,4,1377043200
A3K40CONDFR5S3,1400698987,5,1395964800
A3KSG3KMID2TK2,1400698987,5,1384819200
A3L2VWGB9LL610,1400698987,5,1395619200
A3LDPF5FMB782Z,1400698987,4,1392854400
A3MDIV4LRZALPT,1400698987,5,1386806400
A3MQ7G8NTCG2QY,1400698987,5,1373328000
A3MUAD6VHBA2HJ,1400698987,5,1391212800
A3NAJLO81N0SEY,1400698987,2,1391472000
A3NRMHM2N9GQ3N,1400698987,3,1404345600
A3OLLN3VV2SF0L,1400698987,4,1397088000
A3QC3LJMNA9BPQ,1400698987,5,1395705600
A3SAN0HBKL4O51,1400698987,5,1403827200
A3SHD504GDMEH,1400698987,5,1403740800
A3SUPBOSPX440X,1400698987,5,1399248000
A3T73E7Q9Z6479,1400698987,5,1360713600
A3UJYUD475NEM0,1400698987,5,1381363200
A3UWRHQW9K4GSZ,1400698987,5,1396310400
A3VXW2QUU8G1AL,1400698987,2,1385769600
A3W0F8T0Y5UV2V,1400698987,5,1405555200
A43S117J45T73,1400698987,4,1389571200
A5KBC6M1KUIC8,1400698987,5,1393632000
A5X0YLIKQM6D2,1400698987,5,1394064000
AAASKC7UEFBSE,1400698987,5,1395273600
ACBS1QZDFZVGI,1400698987,5,1392768000
ACEQ17N6MTEMR,1400698987,5,1393027200
AD1Z2TNZ7GEXT,1400698987,5,1396396800
AECLNQJFGWPGB,1400698987,4,1388620800
AFWPH07F1FTXE,1400698987,4,1393372800
AGEENTQV5GUN,1400698987,5,1387670400
AH9B734YE7TEC,1400698987,2,1391126400
AHCL69FZ6XNL9,1400698987,4,1389052800
AIVPBPQ6F3KAX,1400698987,4,1367971200
AJ5HVGVTBWMS0,1400698987,1,1372464000
AJUVE7TE62LHD,1400698987,5,1385856000
A14WPFAE0AS6SH,1400699169,5,1401753600
A1CKH813P2G4I,1400699169,5,1390089600
A1DLUOL9P1VF4A,1400699169,4,1402272000
A1H1VRPWQKVEGN,1400699169,4,1376524800
A1HNO514OT6YPT,1400699169,4,1395273600
A1P51RURVW7X16,1400699169,5,1394064000
A1PCHVTAXXQYSR,1400699169,5,1396051200
A1U32HB899JX1U,1400699169,5,1393718400
A1V5TOTLBIPO0O,1400699169,4,1377820800
A1X4WM14KM3QJU,1400699169,5,1400284800
A1ZSPRR520SIFF,1400699169,5,1389830400
A1ZUKD37PITIML,1400699169,5,1367020800
A20JUSYRH175TG,1400699169,3,1402358400
A23ID71VXIBR8T,1400699169,5,1394150400
A2C3YQ3STXW5Y3,1400699169,3,1404864000
A2E7DYSIYY3HP3,1400699169,5,1399766400
A2IQSNBMGS45X9,1400699169,5,1400976000
A2ITTU8FLM4BL6,1400699169,4,1404172800
A2J4BQZ8E3IG1S,1400699169,5,1396915200
A2JWFLMUIV5N2P,1400699169,5,1393372800
A2M3E53LN2CQT6,1400699169,5,1386547200
A2QW6PYBF9LECN,1400699169,5,1395273600
A2S0ZGVP4DH633,1400699169,5,1364688000
A2SBFXPN5V6A6X,1400699169,2,1369612800
A2T3BXT1BLDAH5,1400699169,2,1403481600
A2UJBOBEIK2YFR,1400699169,5,1394668800
A2WJTGGZGDHB1Z,1400699169,4,1377993600
A2Z44PL24ZV60S,1400699169,4,1400630400
A361JAOVLQCXEL,1400699169,3,1397001600
A37PRMG44FWOMT,1400699169,3,1397260800
A393VR8USGJSEO,1400699169,4,1376265600
A3BLWZMSLSYJ78,1400699169,5,1391212800
A3ECBKFG1ZWOFZ,1400699169,5,1362355200
A3EHIXKM94WYCO,1400699169,5,1389052800
A3GKRQWPAIZR3L,1400699169,5,1383523200
A3IA5DZ94L1NUS,1400699169,5,1404086400
A3OOXP5KB9AZYV,1400699169,5,1403740800
A3PD8JD9L4WEII,1400699169,5,1372204800
A3U8L18K3JQ5AH,1400699169,1,1375833600
A3UOOP3FKKKG78,1400699169,5,1404172800
A3VEJGA8LMWAOX,1400699169,5,1394668800
A3W1OK39ZFTZKY,1400699169,1,1396569600
AAZ084UMH8VZ2,1400699169,5,1399161600
AIY63PF337QF4,1400699169,5,1389571200
A14TAG3WH240NF,1400699894,1,1396656000
A172B2OWDMFO81,1400699894,4,1396569600
A1PILX6BN6SOLV,1400699894,5,1401148800
A1SCYVE84EY5F0,1400699894,5,1392076800
A1YPA201JSYPY9,1400699894,5,1403308800
A272UUE0JB4IGH,1400699894,4,1400371200
A2AV68R72QK0G5,1400699894,5,1399161600
A2JQ6LOPLWO2ZK,1400699894,5,1401321600
A2KQ36E2SCLCWN,1400699894,1,1401494400
A2O8GVEGT9XBP9,1400699894,5,1388966400
A3709NN5GI0J88,1400699894,3,1385856000
A3BF6LO9IZCFZV,1400699894,5,1392163200
A3FITLYEOWK15G,1400699894,3,1401235200
A3UQCHV318XC5K,1400699894,2,1401753600
AABHG72UH4SZE,1400699894,1,1404518400
A3FDRXFNT0QN3X,1412789788,4,1397347200
AFMX5KYH1N4D6,1427695024,5,1365379200
AG7OGH739NMSD,1427695024,4,1354233600
A2ZR0IZBIPQUPY,1444501399,4,1321056000
A0590501PZ7HOWJKBGQ4,1444501399,5,1395792000
A1K85E3LY733TV,1575839415,5,1382572800
A15R3S5XHU7IQ4,1590744306,5,1342569600
A1727OYK08BKTZ,1590744306,5,1404259200
A1IE2VH0S5PE9G,1590744306,5,1357257600
A1M2C8BTSY8RQ5,1590744306,5,1379808000
A1Q69CMZ9QL9E3,1590744306,5,1360713600
A1V0II1BUQEBC2,1590744306,1,1358812800
A2HVIDR3L6UETM,1590744306,4,1367712000
A2KDF0D1A4N1YF,1590744306,5,1381363200
A2LZJBNSJTZSZL,1590744306,5,1355270400
A2ZSYNN8ZJJ2R4,1590744306,5,1351123200
A30XZDXYJ8D8Z9,1590744306,5,1391385600
A361OCXGAMHG3V,1590744306,4,1391644800
A3OV0Z0QU4BTFF,1590744306,5,1376265600
AIE96MBQBK9SM,1590744306,5,1382313600
A24DE2QD1KO2ZA,1593152523,5,1347580800
A2WZKJ2TO6JP7M,1593152523,5,1359676800
ACFOG5MAWDIFY,1594243034,5,1394064000
A15YU5CVYVVRLD,1600859453,4,1361404800
A1HF1YQ4O0VYMD,1600859453,5,1359849600
A242OBCHI69VJA,1600859453,5,1379030400
A11QSEATUB0GRS,1604550945,5,1366588800
A1VQGBAQJA3Z8,1610130804,5,1360195200
A1QXCKPAMLFLGQ,1615513388,1,1334016000
A25Q6T9QKPHA1P,1615513388,5,1357084800
A2RP6V1HDF84KD,1615513388,1,1299715200
A3EPT9RBIBPL2I,1615513388,3,1327104000
A3OVECIE4PVUDF,1615513388,5,1304380800
A77T921TWRLLM,1615513388,3,1303344000
A7NX65ZU9KDDJ,1615513388,5,1299628800
A0590501PZ7HOWJKBGQ4,1615527613,5,1353974400
A0590501PZ7HOWJKBGQ4,1615527613,1,1354492800
A1767YMDJOSZ48,1615527613,1,1342656000
A030530627MK66BD8V4LN,1615527613,5,1347580800
A1D71CIRJ1M79I,1615527613,2,1353888000
A1LG8S72HENBPP,1615527613,5,1359072000
A1OW1BEF6EV6EQ,1615527613,1,1353456000
A1PO3TYK8PC0UR,1615527613,5,1361145600
A2EUFSI7JHJ8JZ,1615527613,5,1371427200
A2LUWH5JTJRFZT,1615527613,5,1392940800
A2RBIPBTXJL090,1615527613,5,1390348800
A2SB5VSFF171VX,1615527613,5,1342396800
A2YSLAI9DJ32I9,1615527613,2,1345420800
A32GFYFLKRHAXL,1615527613,5,1402963200
A330PQAR1XWTXB,1615527613,5,1339200000
A335CPE7KAQB1R,1615527613,4,1390694400
A35ENKX8ANOTJO,1615527613,5,1359331200
A36HL8Y5NI4FR9,1615527613,5,1364601600
A36OMUBMQD3LT7,1615527613,5,1398384000
A3HT9JJ45OKJEM,1615527613,5,1355011200
A3IFH1U8VO0LRN,1615527613,5,1385337600
A3P2HVF364DU9J,1615527613,4,1375660800
A3PCYN3UIBZ2FZ,1615527613,4,1336780800
A63MQHIBTRFFV,1615527613,5,1356220800
AAMXCGEATDWBG,1615527613,1,1404950400
A17VFZ86KVBDX8,1615527648,5,1372032000
A1PV4MOXA0C7UR,1615527648,5,1355011200
A1R9NATNBJ110D,1615527648,5,1372291200
A2GIEK2F58QCFG,1615527648,4,1371859200
A2GP1XBIYL4ELD,1615527648,5,1356566400
A3D1KG3ZTMCS7M,1615527648,5,1390953600
A3J75AR66S133H,1615527648,4,1360108800
AC0Z9PMEPLBYM,1615527648,5,1359331200
A186GHVPBPJCFY,1615527656,4,1362528000
A33QX5X6Z7A6AC,1615527656,5,1357689600
A116M1MWTPA3BU,1615527672,5,1362096000
A1CH8AFVQTG4RO,1615527672,5,1393891200
A030530627MK66BD8V4LN,1615527672,5,1376352000
A22JHH0NF29UII,1615527672,5,1382918400
A283U0UVFZVBHI,1615527672,5,1391299200
A2N2EKI4XH13NR,1615527672,5,1389484800
A2TR1CJ8YSRHTL,1615527672,5,1394496000
A2XM50BCI5A9ZT,1615527672,4,1376784000
A35AI4L0NIPMRO,1615527672,5,1403136000
A367VFW8XNPNF5,1615527672,4,1381449600
A38XTXG8ETZF7Y,1615527672,5,1389830400
A3FM0491ZG1VVO,1615527672,5,1389398400
A3KLEWRVEUP1A8,1615527672,5,1361577600
A3TUYBYRJEEGA5,1615527672,4,1402358400
A3VZ1E3Y1WQIUR,1615527672,5,1355184000
A4PYYPWSARFO0,1615527672,4,1366329600
A4YP71TZM51H9,1615527672,5,1362009600
A6CC2XU9Z5Y5O,1615527672,5,1363910400
A9UPOSJVNETP6,1615527672,5,1376611200
AHRFTJL4OO3X2,1615527672,5,1394236800
A36SHTL1WDQ4DI,1615543562,5,1300233600
A3NH4B6E0K7DGK,1615543562,4,1305590400
A145G6U4JERNNI,1615543570,1,1314316800
A7KDDLVHPUG3T,1615543570,5,1383350400
A1QGDY42E904BF,1615543597,3,1362873600
A1VJZ0PRN072ZP,1615598774,4,1376524800
A27E1SFDVGJPQ0,1615598898,5,1318809600
A2T19GOEFTO7E1,1615598898,4,1392854400
A39MW1CP4DCUSN,1615598901,3,1359590400
A1RMVE5P9ITNNU,1616813822,5,1330992000
A1993QHUZGTAIG,1616813873,1,1327795200
A148MWOXFY5O64,1616825375,4,1385424000
A24XTZFHL8KT3J,1616825855,5,1333152000
A14E7NCUH3YY52,1616826053,4,1396224000
A16O2IPCG9OSS1,1616826053,5,1359158400
A18HHT66W10WJK,1616826053,5,1364601600
A0590501PZ7HOWJKBGQ4,1616826053,4,1395273600
A1K4ZZ2VK7M7PW,1616826053,5,1392854400
A1URR8XCQXP8TB,1616826053,5,1371427200
A228U6WMN77PQ6,1616826053,5,1392163200
A2B6HT09K8XLUN,1616826053,4,1382054400
A2M7VCWYTLKVE1,1616826053,5,1361145600
A2PFVOK070JHJF,1616826053,5,1356739200
A2V25M9S69YKF6,1616826053,5,1359072000
A2V37RL4T8CNGQ,1616826053,5,1357603200
A3ASV7E0WY2FJM,1616826053,5,1383523200
A3E7PG9CHDBICA,1616826053,5,1403827200
A3UE9QQ7I0DEKK,1616826053,5,1320969600
AL8FVM9WQVELF,1616826053,3,1372032000
A3O5L8SPLFU6SU,1616829338,4,1303084800
A24UM202P8OW38,1616831022,5,1362096000
AI4FVSE6NRWB5,1616833734,4,1367971200
A1VAUKYQDX4H2E,1616833742,5,1342915200
A1WMGE9RB6774R,1616833742,5,1324512000
A3Q3O0L9KKNOCP,1616833742,5,1326067200
A12VEB49A752KA,1616855711,5,1356307200
A1DXNYFKVOWCVO,1616855711,5,1405296000
A00766851QZZUBOVF4JFT,1616865059,5,1381104000
A2T09JMQ2SOM6J,1616873973,5,1362009600
A3E7PG9CHDBICA,1616874430,5,1403827200
A3GARW9JKGA38H,1616874430,4,1392940800
A114O2OSQCI2Z3,1616874457,5,1396828800
A1EGAYVGC26JGN,1616874457,3,1396915200
A1HKB0CZ226VFF,1616874457,3,1394409600
A2DFFKZ9LOSOCA,1616874457,5,1403481600
A2NAV9J6FPVI72,1616874457,5,1382400000
A3IUKX9HYDWUH,1616874457,3,1382313600
ADK3CEWCQ70N5,1616874457,5,1395878400
A10NR1JXIFZYLC,1685560148,4,1341878400
A28TGHVQG50V08,1685560148,2,1356998400
A2B0LA5S97TYW1,1685560148,5,1346284800
ABVYGB2TKBO8F,1685560148,5,1351468800
A1GH30RILCPXF2,1685560156,5,1360454400
A270Y7Q7FIO13D,1837496870,3,1389484800
A2YIJ1YMG58QON,1841566942,5,1351036800
A30L8R6DUKQGU4,1841566942,1,1390176000
A3S5PAZ9L8VH72,1841566942,2,1357862400
A1YJWAFSYGC73M,1891747134,5,1316390400
A35D5NXKWQM30R,1891747134,1,1288310400
AKAWPV482ODX8,1891747134,1,1222214400
A22IV7E05GPOUJ,1891747665,4,1379721600
A9W7WGQTWNRC3,1891747665,4,1300665600
A16EJ1I9VRH9CW,1903874092,1,1370476800
A1MF10ZZDL36SE,1903874092,2,1374710400
A1ZM7S48BL5AM2,1903874092,3,1404345600
A1M5ACJ0SQNZGO,1932836306,1,1225324800
A2WCVJ4HG8IQ5M,1932836306,5,1198886400
A3AEQ15T44772D,1932836306,4,1241568000
A3QKBXLQ5JS8S3,1932836306,5,1176508800
A2R2A6Z70O0FXU,1932836470,5,1205884800
AB79AR7B4X40V,1933622474,5,1363564800
AH7SDVPR4YL6V,1934805912,5,1375315200
A030530627MK66BD8V4LN,1934931403,1,1393804800
A17JZKTRIVM7KJ,1934931403,5,1359504000
A1HLHMBJAAMO18,1934931403,5,1395100800
A2640ZO7UN2FAH,1934931403,5,1388102400
A2K7PXPFS5THD4,1934931403,4,1375660800
A2X4D0Y2AZJKYJ,1934931403,4,1369180800
A3FANY5GOT5X0W,1934931403,5,1358899200
A3M108YEREWTSL,1934931403,5,1360022400
A4IX7B38LIN1E,1934931403,4,1350432000
A5IV80KGK1RDY,1934931403,5,1369008000
A7OT82DN460H2,1934931403,1,1375747200
AESM2M2IV7O4E,1934931403,5,1390089600
A1UZD2BKNBUKLZ,1938401387,3,1365292800
A20WKCV0FWAQ5,1948609819,4,1386547200
A83WE5X94IY8B,1948609819,4,1374019200
A2RHDDSIA41Y6I,2059500001,5,1366848000
A6RR3CO1AZ2EU,2724270592,5,1381968000
A21N9SMUXRWEQT,3126743692,5,1357171200
A2KMGOX0W8H8RV,3126743692,2,1357171200
A2Q41POEJJUZNV,3126743692,5,1335484800
A2XGBEZ6YT5DI5,3126743692,4,1361750400
A30MJOS1PQOYWY,3126743692,5,1404777600
A34XBCW41AZ5DF,3126743692,5,1355788800
A3L84WNSOJZWEG,3126743692,2,1389571200
A86INGO0NXDDM,3126743692,4,1368748800
AA5YPYKWG918X,3126743692,5,1337558400
A2IIEYEJNHEZOM,3281220487,5,1393718400
A1ENTC7E06CLNY,3744295478,5,1253145600
A245M6JE6I5B6O,3744295478,5,1276819200
A338RLGODBLHB1,3744295478,5,1268956800
A3N55RQVZGCHFY,3744295478,5,1356652800
AJ9VXMQUV5Q2Y,3744295478,5,1285804800
A14YZVQTMRO7NE,3744295508,5,1331856000
A18RZLFVFN6697,3744295508,5,1333756800
A18UYYCVSTUTIF,3744295508,5,1389484800
A1AQMVSK5Q54B7,3744295508,5,1365120000
A0590501PZ7HOWJKBGQ4,3744295508,5,1371859200
A1GBJ0SQRGVDB1,3744295508,5,1346284800
A1NAA1R38JSNHV,3744295508,5,1357171200
A1OPI375E1EV51,3744295508,5,1393632000
A1PXNKI0MY265U,3744295508,5,1322438400
A1WFINPPVJL58W,3744295508,5,1368921600
A210YP53AVEKX8,3744295508,5,1366156800
A21Z76C7PXY1YU,3744295508,1,1381708800
A24DDONNQLE0K,3744295508,5,1373414400
A24WTGAM8WPZYK,3744295508,5,1318982400
A2892IF8V01WRD,3744295508,4,1310860800
A28DH5XWPV8B4J,3744295508,5,1322179200
A28NYN5KV5LAID,3744295508,1,1298592000
A298NBTZXOQCYK,3744295508,5,1370649600
A2AIFA4WI7ZZAC,3744295508,5,1362268800
A2BVWW7ZE72K5T,3744295508,5,1316390400
A2D23Q75DN4LLH,3744295508,5,1305331200
A2EPLWC22JJSS6,3744295508,5,1264809600
A2G4GS9EVCN3D2,3744295508,4,1327536000
A2GKUSRRPCOV17,3744295508,5,1347235200
A2JFF23K5FUHE3,3744295508,4,1346716800
A2LDA4B81XDVJM,3744295508,5,1355443200
A2M88NMCL6401D,3744295508,5,1325548800
A2N3OJ1T4IKZBM,3744295508,5,1286409600
A2QCJ9VR3SEIR0,3744295508,5,1275609600
A2QYZET30IH2AI,3744295508,5,1373846400
A2V4INGERYEWME,3744295508,5,1381536000
A2VI3EBX3QT3RZ,3744295508,5,1319068800
A2YXS8NCIO205E,3744295508,5,1313798400
A2ZXVEOF86CFVI,3744295508,5,1309478400
A31OKPD0YIT5RP,3744295508,5,1356825600
A32D4R7O5KQWBC,3744295508,5,1356739200
A32SE19753YIL4,3744295508,5,1342915200
A34D9K6SD2QUI8,3744295508,4,1382572800
A386IOW6V8XHJ7,3744295508,3,1297641600
A3CUUJXQ6J4S4K,3744295508,5,1327017600
A3F2M27L02YDLM,3744295508,5,1363824000
A3OMD385117C1Z,3744295508,5,1395014400
A3ORP2IZ7D19VP,3744295508,5,1305936000
A3SGQUKYUATAM8,3744295508,5,1389052800
A3SM41K5D8Z1CN,3744295508,1,1262736000
A4QCYNKAT2UN,3744295508,5,1340582400
A7DP8LPPFLDPX,3744295508,5,1384214400
A8490PK0EUBB3,3744295508,2,1310083200
A94YE657KXATV,3744295508,4,1385683200
ABV0BFHAIMVM8,3744295508,5,1308873600
AC3X3UL19GLFN,3744295508,5,1360022400
A1EK27IPMIBYND,3772384587,1,1391040000
A1WXW7K9APOAPT,3777000302,5,1204588800
A2DSB0FP6QCTC4,3778939742,1,1206316800
A39YME9XSC7L0S,3778939742,5,1331596800
A27OV9DXH03VRL,3902217138,5,1327968000
A23UPUYHWCQJXO,3930992760,5,1288224000
A4G4XNQ0WRBPG,3930992760,4,1290038400
AH4MBMTPT9ICI,3930992760,5,1389484800
A10G7GOD9ZWVVV,3930992868,5,1396915200
A10LQDTRU95IV,3930992868,4,1364342400
A172O6GT6GLUIB,3930992868,5,1314662400
A1SDLY2HV70KZW,3930992868,5,1392336000
A1TAV41W6Q4HMO,3930992868,1,1390089600
A1ZA7KAK3BUL0W,3930992868,5,1284854400
A20LSCTOZU8YQH,3930992868,5,1393804800
A22966W52J34CH,3930992868,5,1397692800
A2EQDEKD20ZLGD,3930992868,5,1370390400
A2HAYE0TESEAKF,3930992868,4,1386028800
A2KWPB3KO5TN3H,3930992868,5,1376784000
A2PC1YCLTB3EY9,3930992868,5,1377043200
A2Q7KZALPAROGD,3930992868,5,1393545600
A3S1ZXTXGX9Q2K,3930992868,5,1391299200
A3TKAASI88LE2B,3930992868,5,1379462400
A5RESRBCJXMOM,3930992868,5,1291161600
AFUJDXY0FIUBF,3930992868,5,1393372800
A2Y6L4KLQMN8RU,3933280257,3,1326585600
A37J2C22VV8LV4,3933280257,5,1322870400
A19LF8H78H24KJ,3936710058,2,1398211200
A1IKC2YBHXIE1M,3936710058,4,1395532800
A1M3B17PYGX7TL,3936710058,5,1381017600
A1UD9WPCGIOMH9,3936710058,2,1371081600
A28UJ5KGAMD9HH,3936710058,3,1377648000
A2C1DEKBW1U4NW,3936710058,5,1368748800
A2CJNVMMXJ4OBB,3936710058,1,1401148800
A2IVVJIGKBE8AV,3936710058,4,1371945600
A2OHUPP8FJNF1T,3936710058,3,1394323200
A2VAV8A6S8JVIS,3936710058,5,1376438400
A315FPS847SZBO,3936710058,4,1360713600
A36BZFC9AM3OFG,3936710058,3,1371513600
A3AD3DZJTRQVW,3936710058,5,1373155200
A3STNU0QG5IMCY,3936710058,5,1367539200
A3UCQ3WHDZE2L8,3936710058,4,1333670400
A74Z3Y2W1K79B,3936710058,5,1368489600
A7IHPCM87A2M4,3936710058,5,1351296000
ACDAP6S2SCBEL,3936710058,3,1361232000
AL5H32ZBE6FO,3936710058,2,1354492800
A16PD67VEFVWIY,3993854683,1,1381363200
A20HOL4M50H7X9,3993854705,4,1380672000
A4Q37YOBC90DG,3993854705,3,1372377600
AB5FC9XSV1SC0,3993854705,5,1396656000
A2ZP7F2XXKGUCR,4293001999,4,1320969600
A1TU8JL5GQ6XAR,4515637851,1,1234051200
A1PSFWLVAH0SFZ,4560170002,3,1385164800
AABLOW309QW7D,4935604476,1,1217808000
A47YGSZ4P3HC0,5132579469,3,1324684800
A170WPF1CUA9ZH,5135000011,5,1390694400
A1798UCFHWQQ4M,5135000011,5,1273881600
A1HHTZXWXI3354,5135000011,3,1314835200
A030530627MK66BD8V4LN,5135000011,5,1400198400
A1R7PLCAUF4EY4,5135000011,4,1316995200
A1Z60NE4ENBYE9,5135000011,5,1284163200
A24PO6PDRD5XH9,5135000011,5,1360540800
A2882GKKWYC8P5,5135000011,1,1319673600
A2A8MY8N6UHXB,5135000011,5,1309132800
A2CJFCHTZH9A69,5135000011,5,1369440000
A2KMVURZHTX4YG,5135000011,5,1312588800
A2N24ON8SMO320,5135000011,5,1242432000
A2SCR7RRYGJJW5,5135000011,5,1265155200
A2UGFX4POH7NAL,5135000011,5,1396828800
A2X6ACE9J2KYM3,5135000011,1,1388620800
A34F3WR72PBDVK,5135000011,5,1322611200
A3JJ2VBC9A41S4,5135000011,1,1334534400
A3NAMB9UK4GE41,5135000011,1,1325548800
A42QBIV1RC19F,5135000011,4,1358899200
A6TU9CU9VJA0D,5135000011,3,1291593600
AFY8P7R65B9JG,5135000011,5,1404518400
A14XLIIB0F2JL3,5342765439,5,1367020800
A18QVKW05ZZA1E,5342765439,4,1341273600
A22S6IN8PWZXN0,5342765439,5,1398816000
A27TRXKVO0M82J,5342765439,5,1362528000
A2J79QR2PX35SB,5342765439,1,1384905600
A2ZSUXXK60JU0W,5342765439,5,1313971200
A30NFXK24GVIUD,5342765439,5,1364947200
A329L3P06GMG17,5342765439,2,1358812800
A39IW4EUTMJP1Y,5342765439,2,1381536000
A39L54MWP4C86L,5342765439,2,1391817600
A3J2GHW92RE8F,5342765439,5,1360022400
A3PFRBGLTWWN9U,5342765439,3,1398211200
A6SOQWP6PFMA9,5342765439,5,1355184000
AHAB1FBPKHI69,5342765439,5,1357084800
A1J5C6XTHRQFFY,5445332209,2,1256688000
A19KN0DW4P6EM2,5465426748,1,1368748800
A3O7BC7WFNL77R,5465426748,3,1375315200
A15F0MNOU1A33R,5499800685,1,1218672000
AI87YRPYOWV80,5720453652,3,1264550400
A28ZOQZOAF3ONW,5891057808,5,1397001600
A2SOFKUECKSBG3,5891065592,4,1399766400
A1M750O3GW9Z5S,6000001134,5,1320278400
A3FAH2TGAU0BY9,6000002556,3,1368403200
A220QBP5GFIVVP,6000005644,5,1373587200
A2I1F3IZJK7AH6,6000005822,3,1372204800
A1MV43NXANEPTP,6000006179,5,1361318400
A2R3EKXWNNZ2UD,6000006179,4,1364601600
A7SZYHD3U0YU4,6000006179,1,1330732800
A1PL8IU6U2X3TH,6000006853,4,1390176000
A3HR5L5BGFXMAM,6000006853,5,1377561600
A15KUWIM4FUK5I,6000006896,2,1348012800
A1X7IIWNFLTDSA,6000006896,5,1377129600
A26GWAKFF9BKF0,6000006926,4,1367107200
AAUU7JN54KDQ2,6000007299,4,1392249600
A3DNG54DMW2G88,6000007388,5,1338163200
A3TVZES709UD9X,6000007469,5,1330819200
A15IR7D0F5RMVI,6000008775,5,1376438400
A1G4B0HVJ0D03S,6000008775,5,1358553600
A1Z3WCMNTGW0W4,6000008775,2,1375920000
A2AX3PEW8T94MI,6000008775,1,1372896000
A37HG2QKIOLEY8,6000008775,5,1380931200
AFZDGSNVTR1OO,6000008775,5,1361232000
A3HXIDSKSJJFAI,6000011474,5,1314662400
A1LB5R512TL077,6000013094,3,1379289600
A29ILASRTPI7U3,6000013094,3,1370908800
A3FKL4C8BKMSVY,6000013094,5,1320278400
A3JX0H6C9VQ3C1,6000013094,4,1375574400
A2RKX55WTPJJ4L,6000013248,3,1313452800
A16UDH1HB1RLKC,6000089805,5,1383004800
A1IENJQ7QBCGXP,6000089805,1,1379462400
A22U4HP2RBGA0J,6000089805,3,1362528000
A2CRS1WAYV1DM5,6000089805,5,1366761600
A3404TCDY0II5Q,6000089805,5,1357084800
A5G0OFSQYPK26,6000089805,3,1364169600
A3HXIDSKSJJFAI,6000090188,5,1314662400
A1DJZPJVXAQG09,6001443505,4,1353456000
A1XFKPDXO4JBQ7,6001443505,5,1359072000
A22QV5TPANXHPM,6001443505,1,1372291200
A24PJF52JS1J5S,6001443505,1,1360540800
A25AYSCB1RAPZ4,6001443505,5,1350432000
A2Q1UYMP1KSOCF,6001443505,2,1358467200
A2XAHMYEW1INU8,6001443505,2,1369094400
A3D9INRR4TFUUI,6001443505,4,1363478400
AJRF88RNHIZ0W,6001443505,5,1363737600
AKHZNRISW2KHG,6001443505,5,1358380800
A13LT1Q1FQGI2L,6010098858,5,1379289600
A1CSE0CUYT5ECF,6010099161,5,1325635200
A25109W6AFK3X7,6010099161,4,1320883200
A1GSU6JRX7C8A5,6011578497,4,1354665600
A24KP9Z9CO8JJV,6011578497,5,1357603200
ADGDHF3PW6WSX,6025005516,5,1403913600
AHLSHN3X61SVM,6025005524,4,1371168000
A134KJ4LH6Z1KR,6025005729,4,1400025600
A2QQK3WM6ERCJ,6123015443,3,1367193600
A2ZPWHK4LWCVCU,6123015443,1,1395014400
A3RWP3U2WTASSF,6123015443,5,1379894400
A1TTCH0JSRQM8A,6162121364,1,1400803200
A274TW2V8BMF90,6162122646,5,1378684800
A1FL16ZPAULG1O,6175005554,4,1356825600
AG7YJ86QLAY0L,6185553570,5,1404518400
A28WEIBTTM21J1,6209840957,4,1381795200
AJBV4W6ZLN6YA,6209840957,5,1402272000
A26EALW11I3Q2K,6215140473,1,1389052800
A14B9Q1ISK0KLP,6215140554,2,1375488000
A10LU4EDJ82UFQ,6215140600,3,1389571200
A3ANSAC9DMR1YK,6215140651,5,1390780800
A00766851QZZUBOVF4JFT,6301977173,5,1380758400
A11WH7DY5Z7DKD,6301977173,4,1388102400
A15YFRQGN5VRLO,6301977173,2,1123113600
A165PNFJ3X8AQF,6301977173,5,963792000
A17WHEQJKD5YQV,6301977173,1,1219622400
A18AGK1AF8AUP7,6301977173,4,1335225600
A1A6AT6SJZZQ30,6301977173,4,1355184000
A1AWR6H1BTR2BR,6301977173,5,1364342400
A1B0M8C254WM7X,6301977173,5,1382140800
A1EJ1V8YL15AQP,6301977173,5,1198800000
A0590501PZ7HOWJKBGQ4,6301977173,4,1335657600
A1J80NN0SCOH72,6301977173,5,1382486400
A1L7LKBCRLT5Z4,6301977173,1,1274745600
A1LHIQCO5EZHZC,6301977173,3,1371513600
A1NS6O584WD5FJ,6301977173,5,1401235200
A1QT5MEVZ0557H,6301977173,3,1389744000
A1T7ZMF1SOXVCM,6301977173,4,1365465600
A1TB1WN8PUWWE3,6301977173,5,1295308800
A1UB9ZC8A5527S,6301977173,3,1123545600
A1V822511FX4VR,6301977173,5,1381536000
A1VBWYIOZQQIDQ,6301977173,5,1161475200
A1WHRVTZNXSNQW,6301977173,1,1141171200
A20ML7SN43AECG,6301977173,4,1302739200
A23JTR4D6YFA1X,6301977173,4,1371168000
A23WG9V6BVB8LG,6301977173,5,1360022400
A24ET8T8QAB097,6301977173,5,1377302400
A25MK4RZKCW0MD,6301977173,5,1284940800
A29LLOKYAPDTW4,6301977173,5,1178496000
A2A05B4NLIN0LR,6301977173,1,1123200000
A2AWSFN3PBHYBC,6301977173,1,1124928000
A2CMO5YHD298Y3,6301977173,5,1382486400
A2EOYFFAD8IL2N,6301977173,5,1386374400
A2FHEVDFRIKTEB,6301977173,4,1255305600
A2FQG4QEXQTOIN,6301977173,3,1367712000
A2I6MHMAZZDCRX,6301977173,4,1210032000
A2KKI4M7U80B57,6301977173,5,1391731200
A2NCE13FX3DABJ,6301977173,5,1367625600
A2QG7V2XW43GK,6301977173,4,1123632000
A2SEKHBY9AAVT2,6301977173,5,1365465600
A2UQIIJ2CD8REE,6301977173,5,1150416000
A2XM8ANEZJR4X7,6301977173,5,1094342400
A30PMBDGB7VPAO,6301977173,4,1006905600
A310PQZ31U193E,6301977173,5,1360972800
A312EC9CSV335F,6301977173,5,1354838400
A33GEAQXDG8ZX5,6301977173,5,940896000
A34D6AG428SRQK,6301977173,5,1384560000
A365GXQ94C42BC,6301977173,5,1391385600
A36UF0A3VQCEQ1,6301977173,1,1261872000
A38QCD9809EMRL,6301977173,1,1211414400
A38YRFLSDE35WC,6301977173,4,1354492800
A3AKM1G0N74UF4,6301977173,3,1380412800
A3B3CX764C0TC5,6301977173,5,1375228800
A3BAJH4QW7LDWV,6301977173,5,1319414400
A3DX16W5GTC0TL,6301977173,1,1122595200
A3E1UIGSVRQXQ,6301977173,3,1295740800
A3EPH0HLPI98T3,6301977173,4,1123545600
A3FHSLWEMH7JD8,6301977173,2,958089600
A3G8WWQOAKAP34,6301977173,4,1400025600
A3ICHEO78NFE4Y,6301977173,5,1030320000
A3MAOJQY72QRUF,6301977173,5,1279152000
A3NRAFC4957JU7,6301977173,4,1393200000
A3NZZ7QC8UQBK4,6301977173,5,1404086400
A3OG7W06RXQKYQ,6301977173,5,1372982400
A3Q4XAQXKKV6V,6301977173,3,1156291200
A3T4P9R9DA4RSU,6301977173,5,1281830400
A3TFV5ZIEH0D6N,6301977173,1,1379203200
A3UUK286EGZKEA,6301977173,4,1070150400
A4ZZ1PTBHKYWX,6301977173,5,1284336000
A85QY94NU4RQ4,6301977173,1,1294444800
A9MQ09KG0FU6N,6301977173,5,1401753600
AA114P5X5HETP,6301977173,5,1372291200
AA9LBAM5VNDOR,6301977173,4,1142380800
AAKWDPB3WKDI2,6301977173,4,1264809600
AIJ7J6CI75BPJ,6301977173,1,1125014400
ALIWMTLIS4P1D,6301977173,2,1346889600
A1QI81MAEKVUXT,6374625781,3,1323907200
A3HA0KU146AQ7A,6423153744,5,1339545600
ADIOJ35TO3H4M,6453125749,3,1335744000
AF7C6VG2YW8D,6453125749,5,1376956800
A1C68FNPHWCT6K,6457864783,5,1397174400
A1CU2YXKQHA6XC,6465354276,4,1358294400
A1JN3EDWKQ4BA5,6465354276,5,1369872000
A1XMNRX6G0ZS56,6465354276,2,1390176000
A292YI2UHEC86N,6465354276,4,1390694400
A308PQN54RYMHX,6465354276,5,1356825600
A1OICSUOT1PMJS,6575464564,5,1385683200
A37535FN4C9LB4,6575464564,5,1402358400
A1XFALYKSGP0Q4,6843548881,1,1384473600
A1FDNDVDJWB7W8,6875342677,5,1361404800
A2HHWALYA9DB2L,6875342677,1,1355702400
A2UFFOLHYEJBB7,6875342677,3,1359072000
A33GYLBOCWFCWP,6875342677,4,1325203200
A6ZQC3XI10O2K,6875342677,5,1395964800
A9ZHSUV0S5PBD,6875342677,5,1384992000
A1XN2SAKJPC10Y,6875467534,5,1355788800
A24QFQVVN99WXY,6875467534,5,1377129600
A27GFA4C7JI63Q,6875467534,5,1318377600
A2QRIACQD2OBJ3,6875467534,5,1315267200
A31XX7F5SLRWXW,6875467534,5,1370649600
A3A2Z7T1PIJDTL,6875467534,5,1384905600
A3AB1YXAYQ973Y,6875467534,5,1360800000
A3C22YDR272KCM,6875467534,5,1398297600
A3HFPT5BGLXPCJ,6875467534,1,1323820800
A3RG3CVYMZFXGY,6875467534,5,1322438400
ABJ9UWQI2DO9R,6875467534,5,1356566400
AITI7JNYCBX7D,6875467534,4,1365724800
AJS5HLJUPBFEN,6875467534,5,1320796800
A1Q8VBGQK67SO3,6911584914,2,1385856000
A13NNS3WZLE7FK,7040034018,4,1290988800
A172HID3OZU2QD,7040034018,5,1242432000
A2II4B6CJ4O47Q,7040034018,5,1234742400
A2RMHDXR5AKDJG,7040034018,4,1240617600
A2T5Z3Y5X5XQ31,7040034018,5,1391644800
A38LJ3WZNKW1N5,7040034018,2,1273622400
A76Z6HNMG7MNT,7040034018,5,1185753600
AC31UN3F74MQA,7040034018,4,1202515200
AHX1TOVILJOGV,7040034018,5,1319760000
A1QBPVYAHMX74L,7108037661,5,1395532800
A23O8WTMV62QUO,7108037661,1,1330646400
A3UL9UNH7MWEPK,7108037661,5,1332806400
A9PY1LMSM2WGC,7108037661,1,1342742400
AGNSNX5JC67MH,7108037661,4,1346198400
A3D6ZZ1JLIDOU3,7200599557,5,1212019200
A10ESLO7OXX0YO,7214047977,4,1398038400
A120UT5UX7KZP1,7214047977,5,1362268800
A12LIH1OJZIDKZ,7214047977,4,1355011200
A13X7C3T1WK99H,7214047977,5,1390089600
A149UIVIO3U0VU,7214047977,4,1389139200
A16N4XL861Q0P3,7214047977,5,1362873600
A171F4ZFIJ8CYF,7214047977,5,1386115200
A17EIDOJQAL5VQ,7214047977,5,1386547200
A1D6MQK3CP2YYJ,7214047977,5,1356652800
A1GHFMIBD8EYTK,7214047977,1,1387152000
A1HXS8E6R46UVD,7214047977,4,1388448000
A1I8MUMFYJVYRD,7214047977,4,1386547200
A1J4WYA78PS76Q,7214047977,5,1361491200
A1JIXIVRT2RQP4,7214047977,5,1394064000
A1JZHU0WUCTO4C,7214047977,4,1388793600
A1K0YHEDW89PSP,7214047977,5,1388448000
A1MQX4BNLCWBTL,7214047977,5,1360540800
A1NTMM8G2Q6P4G,7214047977,4,1363651200
A1O0V9L33GLFVY,7214047977,5,1387411200
A1OQU94PD46BVK,7214047977,5,1362873600
A1P824QTKGB31D,7214047977,5,1376352000
A1RS4775GK2DVT,7214047977,5,1374019200
A1UWT16RLM2DMT,7214047977,4,1390694400
A1WMEVP3FN3F8J,7214047977,4,1383609600
A1Y4MY6KYVUTIA,7214047977,5,1393545600
A1YLJPUYNPZ7IL,7214047977,5,1359331200
A1YM9EWD81N5O1,7214047977,4,1358294400
A1YVEH1AVPGA29,7214047977,5,1388620800
A23RISO74TG5Z,7214047977,3,1384560000
A254ZRLGGH45ZZ,7214047977,5,1379289600
A25QEOV7RWV7Q3,7214047977,4,1355356800
A268551JVUTG62,7214047977,5,1358640000
A280X9PTKDDDCZ,7214047977,5,1380844800
A28ZROS850GMGG,7214047977,5,1389484800
A2BG5O7WWFHJMP,7214047977,2,1399939200
A2BH78SA7PD0CF,7214047977,5,1369872000
A2BZNMPV1FDG9T,7214047977,4,1362528000
A2CIGAIVHK39AM,7214047977,5,1390694400
A2HB6SS59F5I2B,7214047977,5,1361664000
A2K1SWRCWK3CV3,7214047977,5,1399161600
A2KK14LTLA9DPK,7214047977,3,1363219200
A2M2H943WTKUQF,7214047977,4,1361145600
A2MURGHAC54T08,7214047977,5,1389225600
A2P3E272SOXBIG,7214047977,4,1372118400
A2P7XFROEEV6M6,7214047977,4,1357948800
A2PD18HFEHSOGB,7214047977,5,1388707200
A2QG40Y3604K9,7214047977,5,1393459200
A2QO4JQX6MTS75,7214047977,4,1358467200
A2TINWB1R15RNC,7214047977,4,1369267200
A2TSBK8FDJL5IC,7214047977,5,1356220800
A2V2AGB2F9KB0N,7214047977,2,1388102400
A2YLAJ925HZ601,7214047977,4,1389052800
A2ZOBJMDF6EZTH,7214047977,4,1369958400
A3057YUX6SF19J,7214047977,5,1359936000
A31TVYV5WS5AS,7214047977,5,1359244800
A32P9YX59KSVQK,7214047977,5,1364515200
A32T7C12JN1W9Y,7214047977,1,1396396800
A355M74J438SGG,7214047977,5,1394668800
A368DVCY89QHVM,7214047977,5,1389744000
A36QOZHX3U1WG3,7214047977,5,1357948800
A3809ZICIPTRLE,7214047977,5,1377820800
A3898G3513D92S,7214047977,5,1387238400
A3BZA9PH6WH4F8,7214047977,5,1395964800
A3FF9B6A977XVU,7214047977,5,1386633600
A3H19QMMW2U3WH,7214047977,4,1387929600
A3HY4ODD0CWI6Y,7214047977,5,1379289600
A3JIPMKVVJGVFP,7214047977,5,1386892800
A3JOSXVGMH6BGM,7214047977,2,1404259200
A3KQK7Q49KAD6U,7214047977,5,1369526400
A3MRL85EKAYU0L,7214047977,5,1398124800
A3OGT4F7A57P9L,7214047977,5,1369958400
A3PFYSBSQRTCAV,7214047977,5,1389052800
A3R33UTYBFC89X,7214047977,4,1356739200
A3SGV8YYMT25U4,7214047977,5,1386892800
A3ST3KY96FDE6I,7214047977,5,1395100800
A3TY6PPZA7DGL8,7214047977,4,1375660800
A3U0676NGB73K0,7214047977,5,1368230400
A3U2NVZ94D5232,7214047977,5,1359158400
A3VM9MDLT1CLQF,7214047977,5,1388448000
A569EX5TDPT6I,7214047977,4,1389398400
A5FEWP48O29J1,7214047977,5,1390780800
A8EXC1WHLCXJR,7214047977,5,1359936000
A9ESEGNW62DXO,7214047977,5,1392854400
AA8JH8LD2H4P9,7214047977,5,1354665600
AEW7C493QEHS2,7214047977,3,1391299200
AGZY7XNK30HGU,7214047977,5,1360281600
AI74FNC3ZQKTQ,7214047977,5,1369353600
AJE90EY807UR8,7214047977,5,1393113600
AK5ETIYOJ5QPI,7214047977,5,1372723200
AKBG2XM27E4J,7214047977,5,1404086400
AKU87CDPNQFJ,7214047977,5,1392076800
AKYG6UEXE4AZK,7214047977,5,1390608000
AL72R0BIAJBH2,7214047977,5,1390176000
A3JZ2QZFD8KHM5,7227012573,4,1322438400
A3RP75O13ISVP8,7227012573,3,1291161600
AE54XCQPXQ23Z,7227012573,2,1289433600
A22FB2WSZSXSHH,059400232X,5,1348790400
A2WOJCFAWI8VS8,059400232X,5,1379376000
A2RMLNVKPFRK7X,089933623X,4,1207699200
AJ4QIAKKHW21N,089933623X,1,1312156800
A0590501PZ7HOWJKBGQ4,094339676X,5,1388448000
A16F1VDLMLPB09,161552763X,5,1361923200
A1C169J1PJD55,161552763X,5,1393200000
A1CEMFM82YPZXX,161552763X,2,1368057600
A1NFFJF7XP22MH,161552763X,5,1402531200
A1NSCGDPUNETHT,161552763X,5,1359590400
A1TXHONEL5X56I,161552763X,5,1394496000
A243VW3RH3DY3H,161552763X,5,1386720000
A2FBMYODKF07IJ,161552763X,5,1385337600
A11NLVWA0MTSGH,161552763X,4,1381276800
A2LPW1UWIEIZAS,161552763X,5,1401235200
A2RXOXV1AVZ6HF,161552763X,5,1327708800
A2U54RR72RB0FC,161552763X,5,1360195200
A2V7OY27QYXO53,161552763X,5,1366588800
A2YP4XEIE07RK9,161552763X,5,1355529600
A374Z9JP3WVUJQ,161552763X,5,1364860800
A37BP6AGD2QJT5,161552763X,5,1394841600
A3CPH0KFMFEIFF,161552763X,4,1378944000
A3GL52WS3IX2VQ,161552763X,5,1363910400
A3LTSN35A4K2J1,161552763X,5,1387238400
A3M8CKCNBYH1RB,161552763X,5,1392336000
A3UJGX0D1X4V4W,161552763X,5,1388793600
A75MTT7XI4B02,161552763X,5,1384819200
A9B0N6NX5FXFJ,161552763X,5,1358467200
AH3LYMIBZ6DKF,161552763X,5,1380672000
A00766851QZZUBOVF4JFT,161685572X,5,1381276800
A19YCLG364DGPY,161685572X,1,1390435200
A1IXR2XJ0UOFDJ,161685572X,3,1392249600
A2ACRIG2YBQ7NX,161685572X,5,1390435200
A2R9945RU8YDRO,161685572X,5,1379462400
A35JQLONSS26CO,161685572X,4,1392681600
A37EVBP30P29VH,161685572X,5,1388016000
A3DWZGMAH0TJDP,161685572X,5,1390348800
A3NKKV4V8P55OK,161685572X,5,1392681600
A7XGZ6ASPEZAC,161685572X,5,1392768000
AHMN6FX6B290R,161685572X,5,1393891200
A2E0OQ4WMC45ER,193886722X,5,1404518400